date,symbol,marketcapname,sector
15-03-2021,JSWSTEEL,Largecap,Metals
15-03-2021,TECHM,Largecap,I.T
15-03-2021,DELTACORP,Midcap,Media
15-03-2021,OBEROIRLTY,Largecap,Realty
16-03-2021,INFY,Largecap,I.T
16-03-2021,HCLTECH,Largecap,I.T
16-03-2021,TCS,Largecap,I.T
16-03-2021,COFORGE,Largecap,I.T
16-03-2021,FSL,Midcap,I.T
16-03-2021,MINDTREE,Largecap,I.T
16-03-2021,RECLTD,Largecap,Finance
16-03-2021,MCX,Midcap,Miscellaneous
16-03-2021,LALPATHLAB,Largecap,Pharmaceuticals
17-03-2021,ITC,Largecap,FMCG
17-03-2021,MCX,Midcap,Miscellaneous
18-03-2021,IEX,Largecap,Miscellaneous
19-03-2021,ITC,Largecap,FMCG
19-03-2021,IEX,Largecap,Miscellaneous
22-03-2021,PIDILITIND,Largecap,Industrials
22-03-2021,HINDUNILVR,Largecap,FMCG
22-03-2021,CANFINHOME,Midcap,Finance
22-03-2021,SRTRANSFIN,Largecap,Finance
22-03-2021,UBL,Largecap,FMCG
22-03-2021,PAGEIND,Largecap,FMCG
22-03-2021,OBEROIRLTY,Largecap,Realty
23-03-2021,ACC,Largecap,Industrials
23-03-2021,AMBUJACEM,Largecap,Industrials
23-03-2021,EICHERMOT,Largecap,Auto
23-03-2021,BERGEPAINT,Largecap,Industrials
23-03-2021,SRTRANSFIN,Largecap,Finance
23-03-2021,ADANIENT,Largecap,Services
23-03-2021,BANDHANBNK,Largecap,Bank
23-03-2021,METROPOLIS,Midcap,Pharmaceuticals
23-03-2021,UBL,Largecap,FMCG
23-03-2021,PAGEIND,Largecap,FMCG
24-03-2021,AARTIIND,Largecap,Industrials
30-03-2021,HDFC,Largecap,Finance
30-03-2021,SAIL,Largecap,Metals
30-03-2021,TITAN,Largecap,Miscellaneous
30-03-2021,JSWSTEEL,Largecap,Metals
30-03-2021,PIDILITIND,Largecap,Industrials
30-03-2021,SHREECEM,Largecap,Industrials
30-03-2021,TATASTEEL,Largecap,Metals
30-03-2021,NESTLEIND,Largecap,FMCG
30-03-2021,ASIANPAINT,Largecap,Industrials
30-03-2021,METROPOLIS,Midcap,Pharmaceuticals
30-03-2021,MARICO,Largecap,FMCG
30-03-2021,GODREJCP,Largecap,FMCG
30-03-2021,DIVISLAB,Largecap,Pharmaceuticals
30-03-2021,APLLTD,Midcap,Pharmaceuticals
31-03-2021,AMBUJACEM,Largecap,Industrials
31-03-2021,TATASTEEL,Largecap,Metals
31-03-2021,HINDUNILVR,Largecap,FMCG
31-03-2021,CANFINHOME,Midcap,Finance
31-03-2021,AUROPHARMA,Largecap,Pharmaceuticals
31-03-2021,MARICO,Largecap,FMCG
31-03-2021,JINDALSTEL,Largecap,Metals
31-03-2021,DIVISLAB,Largecap,Pharmaceuticals
31-03-2021,NAVINFLUOR,Midcap,Industrials
31-03-2021,LALPATHLAB,Largecap,Pharmaceuticals
01-04-2021,ATUL,Largecap,Industrials
01-04-2021,JSWSTEEL,Largecap,Metals
01-04-2021,LICHSGFIN,Largecap,Finance
01-04-2021,SHREECEM,Largecap,Industrials
01-04-2021,AMBUJACEM,Largecap,Industrials
01-04-2021,TATASTEEL,Largecap,Metals
01-04-2021,BHARATFORG,Largecap,Industrials
01-04-2021,TATACONSUM,Largecap,FMCG
01-04-2021,JINDALSTEL,Largecap,Metals
01-04-2021,BSOFT,Midcap,I.T
01-04-2021,FSL,Midcap,I.T
01-04-2021,BAJAJFINSV,Largecap,Finance
01-04-2021,APLLTD,Midcap,Pharmaceuticals
01-04-2021,SYNGENE,Largecap,Pharmaceuticals
05-04-2021,LAURUSLABS,Largecap,Pharmaceuticals
05-04-2021,ATUL,Largecap,Industrials
05-04-2021,SAIL,Largecap,Metals
05-04-2021,INFY,Largecap,I.T
05-04-2021,JSWSTEEL,Largecap,Metals
05-04-2021,SHREECEM,Largecap,Industrials
05-04-2021,ADANIENT,Largecap,Services
05-04-2021,NMDC,Largecap,Industrials
05-04-2021,HCLTECH,Largecap,I.T
05-04-2021,JINDALSTEL,Largecap,Metals
05-04-2021,BSOFT,Midcap,I.T
05-04-2021,SYNGENE,Largecap,Pharmaceuticals
05-04-2021,LALPATHLAB,Largecap,Pharmaceuticals
05-04-2021,LTTS,Largecap,I.T
06-04-2021,LAURUSLABS,Largecap,Pharmaceuticals
06-04-2021,SAIL,Largecap,Metals
06-04-2021,JSWSTEEL,Largecap,Metals
06-04-2021,LUPIN,Largecap,Pharmaceuticals
06-04-2021,BRITANNIA,Largecap,FMCG
06-04-2021,ADANIENT,Largecap,Services
06-04-2021,JINDALSTEL,Largecap,Metals
06-04-2021,TCS,Largecap,I.T
06-04-2021,ADANIPORTS,Largecap,Realty
06-04-2021,LALPATHLAB,Largecap,Pharmaceuticals
07-04-2021,LAURUSLABS,Largecap,Pharmaceuticals
07-04-2021,ATUL,Largecap,Industrials
07-04-2021,DABUR,Largecap,FMCG
07-04-2021,DRREDDY,Largecap,Pharmaceuticals
07-04-2021,JSWSTEEL,Largecap,Metals
07-04-2021,NESTLEIND,Largecap,FMCG
07-04-2021,BRITANNIA,Largecap,FMCG
07-04-2021,SRF,Midcap,Industrials
07-04-2021,APOLLOHOSP,Largecap,Pharmaceuticals
07-04-2021,PIIND,Largecap,Industrials
07-04-2021,AARTIIND,Largecap,Industrials
07-04-2021,IPCALAB,Largecap,Pharmaceuticals
07-04-2021,AUROPHARMA,Largecap,Pharmaceuticals
07-04-2021,SBILIFE,Largecap,Services
07-04-2021,CADILAHC,Largecap,Pharmaceuticals
07-04-2021,GODREJCP,Largecap,FMCG
07-04-2021,BHARTIARTL,Largecap,Telecom
07-04-2021,DIVISLAB,Largecap,Pharmaceuticals
07-04-2021,NAVINFLUOR,Midcap,Industrials
08-04-2021,DABUR,Largecap,FMCG
08-04-2021,INFY,Largecap,I.T
08-04-2021,JSWSTEEL,Largecap,Metals
08-04-2021,PIDILITIND,Largecap,Industrials
08-04-2021,SHREECEM,Largecap,Industrials
08-04-2021,AMBUJACEM,Largecap,Industrials
08-04-2021,HINDALCO,Largecap,Metals
08-04-2021,TATASTEEL,Largecap,Metals
08-04-2021,ASHOKLEY,Largecap,Auto
08-04-2021,TATAMOTORS,Largecap,Auto
08-04-2021,DEEPAKNTR,Largecap,Industrials
08-04-2021,WIPRO,Largecap,I.T
08-04-2021,PIIND,Largecap,Industrials
08-04-2021,AARTIIND,Largecap,Industrials
08-04-2021,IPCALAB,Largecap,Pharmaceuticals
08-04-2021,NMDC,Largecap,Industrials
08-04-2021,NAM-INDIA,Largecap,Finance
08-04-2021,HDFCAMC,Largecap,Finance
08-04-2021,METROPOLIS,Midcap,Pharmaceuticals
08-04-2021,MARICO,Largecap,FMCG
08-04-2021,CADILAHC,Largecap,Pharmaceuticals
08-04-2021,NAVINFLUOR,Midcap,Industrials
08-04-2021,TCS,Largecap,I.T
08-04-2021,TECHM,Largecap,I.T
08-04-2021,NAUKRI,Largecap,I.T
08-04-2021,MINDTREE,Largecap,I.T
08-04-2021,PERSISTENT,Largecap,I.T
08-04-2021,INDUSTOWER,Largecap,Telecom
08-04-2021,LTI,Largecap,I.T
09-04-2021,TITAN,Largecap,Miscellaneous
09-04-2021,LUPIN,Largecap,Pharmaceuticals
09-04-2021,RAMCOCEM,Largecap,Industrials
09-04-2021,HINDUNILVR,Largecap,FMCG
09-04-2021,TATACONSUM,Largecap,FMCG
09-04-2021,COLPAL,Largecap,FMCG
09-04-2021,WIPRO,Largecap,I.T
09-04-2021,PIIND,Largecap,Industrials
09-04-2021,INDIACEM,Midcap,Industrials
09-04-2021,METROPOLIS,Midcap,Pharmaceuticals
09-04-2021,INDIAMART,Largecap,I.T
09-04-2021,MARICO,Largecap,FMCG
09-04-2021,GLENMARK,Midcap,Pharmaceuticals
09-04-2021,CADILAHC,Largecap,Pharmaceuticals
09-04-2021,IGL,Largecap,Industrials
09-04-2021,SUNTV,Largecap,Media
09-04-2021,TECHM,Largecap,I.T
09-04-2021,PERSISTENT,Largecap,I.T
09-04-2021,OBEROIRLTY,Largecap,Realty
09-04-2021,GUJGASLTD,Largecap,Miscellaneous
12-04-2021,CIPLA,Largecap,Pharmaceuticals
12-04-2021,DRREDDY,Largecap,Pharmaceuticals
12-04-2021,IPCALAB,Largecap,Pharmaceuticals
15-04-2021,DABUR,Largecap,FMCG
16-04-2021,CIPLA,Largecap,Pharmaceuticals
16-04-2021,PFIZER,Largecap,Pharmaceuticals
16-04-2021,WIPRO,Largecap,I.T
16-04-2021,GLENMARK,Midcap,Pharmaceuticals
16-04-2021,CADILAHC,Largecap,Pharmaceuticals
16-04-2021,NAVINFLUOR,Midcap,Industrials
16-04-2021,SYNGENE,Largecap,Pharmaceuticals
19-04-2021,CIPLA,Largecap,Pharmaceuticals
19-04-2021,PFIZER,Largecap,Pharmaceuticals
19-04-2021,APOLLOHOSP,Largecap,Pharmaceuticals
19-04-2021,DIXON,Largecap,FMCG
19-04-2021,AUROPHARMA,Largecap,Pharmaceuticals
19-04-2021,GLENMARK,Midcap,Pharmaceuticals
19-04-2021,GRANULES,Midcap,Pharmaceuticals
19-04-2021,SYNGENE,Largecap,Pharmaceuticals
20-04-2021,DRREDDY,Largecap,Pharmaceuticals
20-04-2021,LUPIN,Largecap,Pharmaceuticals
20-04-2021,PFIZER,Largecap,Pharmaceuticals
20-04-2021,APOLLOHOSP,Largecap,Pharmaceuticals
20-04-2021,DIXON,Largecap,FMCG
20-04-2021,AUROPHARMA,Largecap,Pharmaceuticals
20-04-2021,JINDALSTEL,Largecap,Metals
20-04-2021,ICICIPRULI,Largecap,Services
22-04-2021,JINDALSTEL,Largecap,Metals
23-04-2021,TRENT,Largecap,FMCG
23-04-2021,POLYCAB,Largecap,Industrials
23-04-2021,INDIAMART,Largecap,I.T
23-04-2021,CUB,Midcap,Bank
23-04-2021,NAUKRI,Largecap,I.T
23-04-2021,ICICIPRULI,Largecap,Services
26-04-2021,ATUL,Largecap,Industrials
26-04-2021,AARTIIND,Largecap,Industrials
26-04-2021,SBILIFE,Largecap,Services
26-04-2021,IRCTC,Midcap,Miscellaneous
26-04-2021,AXISBANK,Largecap,Bank
26-04-2021,POWERGRID,Largecap,Miscellaneous
26-04-2021,ICICIPRULI,Largecap,Services
27-04-2021,ATUL,Largecap,Industrials
27-04-2021,SBIN,Largecap,Bank
27-04-2021,JSWSTEEL,Largecap,Metals
27-04-2021,VEDL,Largecap,Industrials
27-04-2021,TATASTEEL,Largecap,Metals
27-04-2021,SIEMENS,Largecap,FMCG
27-04-2021,SRF,Midcap,Industrials
27-04-2021,AARTIIND,Largecap,Industrials
27-04-2021,DIXON,Largecap,FMCG
27-04-2021,IRCTC,Midcap,Miscellaneous
27-04-2021,NATIONALUM,Midcap,Metals
27-04-2021,TVSMOTOR,Largecap,Auto
27-04-2021,DIVISLAB,Largecap,Pharmaceuticals
27-04-2021,NAVINFLUOR,Midcap,Industrials
27-04-2021,SUNTV,Largecap,Media
27-04-2021,POWERGRID,Largecap,Miscellaneous
27-04-2021,BAJAJ-AUTO,Largecap,Auto
27-04-2021,JUBLFOOD,Largecap,Quick Service Restaurant
27-04-2021,INDIGO,Largecap,Services
28-04-2021,HDFC,Largecap,Finance
28-04-2021,ATUL,Largecap,Industrials
28-04-2021,BAJFINANCE,Largecap,Finance
28-04-2021,SBIN,Largecap,Bank
28-04-2021,HDFCBANK,Largecap,Bank
28-04-2021,LICHSGFIN,Largecap,Finance
28-04-2021,MFSL,Largecap,Finance
28-04-2021,FEDERALBNK,Largecap,Bank
28-04-2021,SIEMENS,Largecap,FMCG
28-04-2021,BALKRISIND,Largecap,Auto
28-04-2021,CHOLAFIN,Largecap,Finance
28-04-2021,MOTHERSUMI,Largecap,Auto
28-04-2021,NIFTY,Smallcap,Indices
28-04-2021,BANKNIFTY,Smallcap,Indices
28-04-2021,DIXON,Largecap,FMCG
28-04-2021,POLYCAB,Largecap,Industrials
28-04-2021,INDIAMART,Largecap,I.T
28-04-2021,ICICIBANK,Largecap,Bank
28-04-2021,CUB,Midcap,Bank
28-04-2021,AXISBANK,Largecap,Bank
28-04-2021,TVSMOTOR,Largecap,Auto
28-04-2021,BHARTIARTL,Largecap,Telecom
28-04-2021,OFSS,Largecap,I.T
28-04-2021,UBL,Largecap,FMCG
28-04-2021,SUNTV,Largecap,Media
28-04-2021,NAUKRI,Largecap,I.T
28-04-2021,POWERGRID,Largecap,Miscellaneous
28-04-2021,BAJAJ-AUTO,Largecap,Auto
28-04-2021,BAJAJFINSV,Largecap,Finance
28-04-2021,CROMPTON,Largecap,FMCG
29-04-2021,BAJFINANCE,Largecap,Finance
29-04-2021,SAIL,Largecap,Metals
29-04-2021,VEDL,Largecap,Industrials
29-04-2021,CHOLAFIN,Largecap,Finance
29-04-2021,NIFTY,Smallcap,Indices
29-04-2021,DIXON,Largecap,FMCG
29-04-2021,MPHASIS,Largecap,I.T
29-04-2021,INDIAMART,Largecap,I.T
29-04-2021,INDUSINDBK,Largecap,Bank
29-04-2021,AXISBANK,Largecap,Bank
29-04-2021,GSPL,Midcap,Industrials
29-04-2021,SUNTV,Largecap,Media
29-04-2021,BAJAJFINSV,Largecap,Finance
30-04-2021,SAIL,Largecap,Metals
30-04-2021,DRREDDY,Largecap,Pharmaceuticals
30-04-2021,VEDL,Largecap,Industrials
30-04-2021,AARTIIND,Largecap,Industrials
30-04-2021,NMDC,Largecap,Industrials
30-04-2021,GAIL,Largecap,Industrials
30-04-2021,DIVISLAB,Largecap,Pharmaceuticals
30-04-2021,SUNTV,Largecap,Media
03-05-2021,BAJFINANCE,Largecap,Finance
03-05-2021,BHEL,Largecap,FMCG
03-05-2021,SAIL,Largecap,Metals
03-05-2021,GRASIM,Largecap,Textiles
03-05-2021,TATASTEEL,Largecap,Metals
03-05-2021,DEEPAKNTR,Largecap,Industrials
03-05-2021,DIXON,Largecap,FMCG
03-05-2021,NMDC,Largecap,Industrials
03-05-2021,SBILIFE,Largecap,Services
03-05-2021,MARICO,Largecap,FMCG
03-05-2021,NATIONALUM,Midcap,Metals
03-05-2021,CADILAHC,Largecap,Pharmaceuticals
03-05-2021,BHARTIARTL,Largecap,Telecom
03-05-2021,GRANULES,Midcap,Pharmaceuticals
03-05-2021,LTTS,Largecap,I.T
03-05-2021,ICICIPRULI,Largecap,Services
04-05-2021,LAURUSLABS,Largecap,Pharmaceuticals
04-05-2021,BAJFINANCE,Largecap,Finance
04-05-2021,HINDPETRO,Largecap,Industrials
04-05-2021,TATAPOWER,Largecap,Miscellaneous
04-05-2021,BHARATFORG,Largecap,Industrials
04-05-2021,BALKRISIND,Largecap,Auto
04-05-2021,SRF,Midcap,Industrials
04-05-2021,SBILIFE,Largecap,Services
04-05-2021,MARICO,Largecap,FMCG
04-05-2021,GAIL,Largecap,Industrials
05-05-2021,BEL,Largecap,FMCG
05-05-2021,VEDL,Largecap,Industrials
05-05-2021,ONGC,Largecap,Oils
05-05-2021,SRF,Midcap,Industrials
05-05-2021,TORNTPOWER,Largecap,Miscellaneous
05-05-2021,PERSISTENT,Largecap,I.T
05-05-2021,ALKEM,Largecap,Pharmaceuticals
06-05-2021,ATUL,Largecap,Industrials
06-05-2021,BEL,Largecap,FMCG
06-05-2021,BHEL,Largecap,FMCG
06-05-2021,HINDALCO,Largecap,Metals
06-05-2021,BPCL,Largecap,Industrials
06-05-2021,WIPRO,Largecap,I.T
06-05-2021,MOTHERSUMI,Largecap,Auto
06-05-2021,MPHASIS,Largecap,I.T
06-05-2021,NMDC,Largecap,Industrials
06-05-2021,NAVINFLUOR,Midcap,Industrials
06-05-2021,IGL,Largecap,Industrials
06-05-2021,COFORGE,Largecap,I.T
06-05-2021,FSL,Midcap,I.T
06-05-2021,MINDTREE,Largecap,I.T
06-05-2021,BAJAJ-AUTO,Largecap,Auto
07-05-2021,SAIL,Largecap,Metals
07-05-2021,JSWSTEEL,Largecap,Metals
07-05-2021,VEDL,Largecap,Industrials
07-05-2021,HINDALCO,Largecap,Metals
07-05-2021,TATASTEEL,Largecap,Metals
07-05-2021,BPCL,Largecap,Industrials
07-05-2021,WIPRO,Largecap,I.T
07-05-2021,NMDC,Largecap,Industrials
07-05-2021,NAM-INDIA,Largecap,Finance
07-05-2021,NATIONALUM,Midcap,Metals
07-05-2021,ULTRACEMCO,Largecap,Industrials
07-05-2021,DALBHARAT,Largecap,Industrials
07-05-2021,MUTHOOTFIN,Largecap,Finance
10-05-2021,HDFC,Largecap,Finance
10-05-2021,HINDPETRO,Largecap,Industrials
10-05-2021,SAIL,Largecap,Metals
10-05-2021,LICHSGFIN,Largecap,Finance
10-05-2021,VEDL,Largecap,Industrials
10-05-2021,ONGC,Largecap,Oils
10-05-2021,HINDALCO,Largecap,Metals
10-05-2021,TATASTEEL,Largecap,Metals
10-05-2021,ASHOKLEY,Largecap,Auto
10-05-2021,BPCL,Largecap,Industrials
10-05-2021,BALKRISIND,Largecap,Auto
10-05-2021,WIPRO,Largecap,I.T
10-05-2021,NIFTY,Smallcap,Indices
10-05-2021,AUROPHARMA,Largecap,Pharmaceuticals
10-05-2021,NMDC,Largecap,Industrials
10-05-2021,NATIONALUM,Midcap,Metals
10-05-2021,JINDALSTEL,Largecap,Metals
10-05-2021,GLENMARK,Midcap,Pharmaceuticals
10-05-2021,OFSS,Largecap,I.T
10-05-2021,NTPC,Largecap,Miscellaneous
10-05-2021,TECHM,Largecap,I.T
10-05-2021,TORNTPOWER,Largecap,Miscellaneous
10-05-2021,PERSISTENT,Largecap,I.T
10-05-2021,MUTHOOTFIN,Largecap,Finance
10-05-2021,ALKEM,Largecap,Pharmaceuticals
10-05-2021,MGL,Midcap,Industrials
11-05-2021,BEL,Largecap,FMCG
11-05-2021,CHAMBLFERT,Midcap,Industrials
11-05-2021,EXIDEIND,Midcap,Auto
11-05-2021,BHEL,Largecap,FMCG
11-05-2021,HINDPETRO,Largecap,Industrials
11-05-2021,ONGC,Largecap,Oils
11-05-2021,PIDILITIND,Largecap,Industrials
11-05-2021,FEDERALBNK,Largecap,Bank
11-05-2021,TATASTEEL,Largecap,Metals
11-05-2021,ABBOTINDIA,Largecap,Pharmaceuticals
11-05-2021,BHARATFORG,Largecap,Industrials
11-05-2021,BOSCHLTD,Largecap,Auto
11-05-2021,BPCL,Largecap,Industrials
11-05-2021,SIEMENS,Largecap,FMCG
11-05-2021,INDHOTEL,Largecap,Services
11-05-2021,APOLLOTYRE,Midcap,Auto
11-05-2021,BALKRISIND,Largecap,Auto
11-05-2021,COROMANDEL,Largecap,Industrials
11-05-2021,BERGEPAINT,Largecap,Industrials
11-05-2021,UPL,Largecap,Industrials
11-05-2021,SUNPHARMA,Largecap,Pharmaceuticals
11-05-2021,HAL,Largecap,FMCG
11-05-2021,IOC,Largecap,Industrials
11-05-2021,POLYCAB,Largecap,Industrials
11-05-2021,GAIL,Largecap,Industrials
11-05-2021,OFSS,Largecap,I.T
11-05-2021,IGL,Largecap,Industrials
11-05-2021,NTPC,Largecap,Miscellaneous
11-05-2021,GMRINFRA,Largecap,Realty
11-05-2021,PFC,Largecap,Finance
11-05-2021,POWERGRID,Largecap,Miscellaneous
11-05-2021,RECLTD,Largecap,Finance
11-05-2021,DALBHARAT,Largecap,Industrials
12-05-2021,CHAMBLFERT,Midcap,Industrials
12-05-2021,SBIN,Largecap,Bank
12-05-2021,SIEMENS,Largecap,FMCG
12-05-2021,TATAMOTORS,Largecap,Auto
12-05-2021,COROMANDEL,Largecap,Industrials
12-05-2021,UPL,Largecap,Industrials
12-05-2021,NMDC,Largecap,Industrials
12-05-2021,BANKBARODA,Largecap,Bank
12-05-2021,CADILAHC,Largecap,Pharmaceuticals
12-05-2021,GODREJCP,Largecap,FMCG
12-05-2021,POWERGRID,Largecap,Miscellaneous
12-05-2021,ABFRL,Largecap,FMCG
14-05-2021,CHAMBLFERT,Midcap,Industrials
14-05-2021,COLPAL,Largecap,FMCG
14-05-2021,INDIGO,Largecap,Services
17-05-2021,CHAMBLFERT,Midcap,Industrials
17-05-2021,TRENT,Largecap,FMCG
17-05-2021,LICHSGFIN,Largecap,Finance
17-05-2021,COLPAL,Largecap,FMCG
17-05-2021,UPL,Largecap,Industrials
17-05-2021,IPCALAB,Largecap,Pharmaceuticals
17-05-2021,POLYCAB,Largecap,Industrials
17-05-2021,BSOFT,Midcap,I.T
17-05-2021,ASTRAL,Largecap,FMCG
17-05-2021,PERSISTENT,Largecap,I.T
17-05-2021,DALBHARAT,Largecap,Industrials
18-05-2021,BAJFINANCE,Largecap,Finance
18-05-2021,BEL,Largecap,FMCG
18-05-2021,TITAN,Largecap,Miscellaneous
18-05-2021,HDFCBANK,Largecap,Bank
18-05-2021,TRENT,Largecap,FMCG
18-05-2021,LICHSGFIN,Largecap,Finance
18-05-2021,RELIANCE,Largecap,Industrials
18-05-2021,ACC,Largecap,Industrials
18-05-2021,FEDERALBNK,Largecap,Bank
18-05-2021,ASHOKLEY,Largecap,Auto
18-05-2021,INDHOTEL,Largecap,Services
18-05-2021,EICHERMOT,Largecap,Auto
18-05-2021,SRTRANSFIN,Largecap,Finance
18-05-2021,HAVELLS,Largecap,FMCG
18-05-2021,NIFTY,Smallcap,Indices
18-05-2021,BANKNIFTY,Smallcap,Indices
18-05-2021,IOC,Largecap,Industrials
18-05-2021,SBICARD,Largecap,Finance
18-05-2021,ICICIBANK,Largecap,Bank
18-05-2021,UBL,Largecap,FMCG
18-05-2021,ULTRACEMCO,Largecap,Industrials
18-05-2021,ASTRAL,Largecap,FMCG
18-05-2021,DELTACORP,Midcap,Media
18-05-2021,RECLTD,Largecap,Finance
18-05-2021,BAJAJ-AUTO,Largecap,Auto
18-05-2021,JUBLFOOD,Largecap,Quick Service Restaurant
18-05-2021,MUTHOOTFIN,Largecap,Finance
18-05-2021,ABFRL,Largecap,FMCG
18-05-2021,INDIGO,Largecap,Services
19-05-2021,BEL,Largecap,FMCG
19-05-2021,HINDPETRO,Largecap,Industrials
19-05-2021,ASHOKLEY,Largecap,Auto
19-05-2021,BOSCHLTD,Largecap,Auto
19-05-2021,NESTLEIND,Largecap,FMCG
19-05-2021,INDHOTEL,Largecap,Services
19-05-2021,BALKRISIND,Largecap,Auto
19-05-2021,BERGEPAINT,Largecap,Industrials
19-05-2021,IOC,Largecap,Industrials
19-05-2021,IRCTC,Midcap,Miscellaneous
19-05-2021,SBICARD,Largecap,Finance
19-05-2021,BSOFT,Midcap,I.T
19-05-2021,UBL,Largecap,FMCG
19-05-2021,FSL,Midcap,I.T
19-05-2021,DELTACORP,Midcap,Media
19-05-2021,BAJAJ-AUTO,Largecap,Auto
19-05-2021,JUBLFOOD,Largecap,Quick Service Restaurant
19-05-2021,OBEROIRLTY,Largecap,Realty
19-05-2021,CROMPTON,Largecap,FMCG
20-05-2021,CHAMBLFERT,Midcap,Industrials
20-05-2021,RAMCOCEM,Largecap,Industrials
20-05-2021,MRF,Largecap,Auto
20-05-2021,ASHOKLEY,Largecap,Auto
20-05-2021,BOSCHLTD,Largecap,Auto
20-05-2021,COROMANDEL,Largecap,Industrials
20-05-2021,ICICIGI,Largecap,Services
20-05-2021,INDIACEM,Midcap,Industrials
20-05-2021,SBICARD,Largecap,Finance
20-05-2021,FSL,Midcap,I.T
20-05-2021,OBEROIRLTY,Largecap,Realty
21-05-2021,LICHSGFIN,Largecap,Finance
21-05-2021,PIDILITIND,Largecap,Industrials
21-05-2021,ACC,Largecap,Industrials
21-05-2021,M&M,Largecap,Auto
21-05-2021,BPCL,Largecap,Industrials
21-05-2021,COLPAL,Largecap,FMCG
21-05-2021,SRTRANSFIN,Largecap,Finance
21-05-2021,CHOLAFIN,Largecap,Finance
21-05-2021,INDIACEM,Midcap,Industrials
21-05-2021,SBICARD,Largecap,Finance
21-05-2021,INDUSINDBK,Largecap,Bank
21-05-2021,CUB,Midcap,Bank
24-05-2021,EXIDEIND,Midcap,Auto
24-05-2021,SBIN,Largecap,Bank
24-05-2021,PIDILITIND,Largecap,Industrials
24-05-2021,FEDERALBNK,Largecap,Bank
24-05-2021,LT,Largecap,Realty
24-05-2021,BERGEPAINT,Largecap,Industrials
24-05-2021,UPL,Largecap,Industrials
24-05-2021,BANKNIFTY,Smallcap,Indices
24-05-2021,SBICARD,Largecap,Finance
24-05-2021,BANKBARODA,Largecap,Bank
24-05-2021,ICICIBANK,Largecap,Bank
24-05-2021,CUB,Midcap,Bank
24-05-2021,AXISBANK,Largecap,Bank
24-05-2021,DELTACORP,Midcap,Media
24-05-2021,BAJAJ-AUTO,Largecap,Auto
24-05-2021,IDFCFIRSTB,Largecap,Bank
24-05-2021,CROMPTON,Largecap,FMCG
25-05-2021,HINDPETRO,Largecap,Industrials
25-05-2021,BALKRISIND,Largecap,Auto
25-05-2021,EICHERMOT,Largecap,Auto
25-05-2021,BERGEPAINT,Largecap,Industrials
25-05-2021,UPL,Largecap,Industrials
25-05-2021,MPHASIS,Largecap,I.T
25-05-2021,IOC,Largecap,Industrials
25-05-2021,CONCOR,Largecap,Services
25-05-2021,IRCTC,Midcap,Miscellaneous
25-05-2021,PAGEIND,Largecap,FMCG
25-05-2021,DLF,Largecap,Realty
25-05-2021,JUBLFOOD,Largecap,Quick Service Restaurant
25-05-2021,PERSISTENT,Largecap,I.T
26-05-2021,TITAN,Largecap,Miscellaneous
26-05-2021,INFY,Largecap,I.T
26-05-2021,MFSL,Largecap,Finance
26-05-2021,ASIANPAINT,Largecap,Industrials
26-05-2021,BERGEPAINT,Largecap,Industrials
26-05-2021,UPL,Largecap,Industrials
26-05-2021,MPHASIS,Largecap,I.T
26-05-2021,ICICIBANK,Largecap,Bank
26-05-2021,HCLTECH,Largecap,I.T
26-05-2021,TVSMOTOR,Largecap,Auto
26-05-2021,BSOFT,Midcap,I.T
26-05-2021,TCS,Largecap,I.T
26-05-2021,COFORGE,Largecap,I.T
26-05-2021,TECHM,Largecap,I.T
26-05-2021,PAGEIND,Largecap,FMCG
26-05-2021,ASTRAL,Largecap,FMCG
26-05-2021,BAJAJFINSV,Largecap,Finance
26-05-2021,JUBLFOOD,Largecap,Quick Service Restaurant
26-05-2021,PERSISTENT,Largecap,I.T
26-05-2021,LTTS,Largecap,I.T
27-05-2021,INFY,Largecap,I.T
27-05-2021,AMBUJACEM,Largecap,Industrials
27-05-2021,BHARATFORG,Largecap,Industrials
27-05-2021,LT,Largecap,Realty
27-05-2021,M&M,Largecap,Auto
27-05-2021,NESTLEIND,Largecap,FMCG
27-05-2021,ASIANPAINT,Largecap,Industrials
27-05-2021,WIPRO,Largecap,I.T
27-05-2021,UPL,Largecap,Industrials
27-05-2021,NIFTY,Smallcap,Indices
27-05-2021,MPHASIS,Largecap,I.T
27-05-2021,POLYCAB,Largecap,Industrials
27-05-2021,TCS,Largecap,I.T
27-05-2021,GSPL,Midcap,Industrials
27-05-2021,SUNTV,Largecap,Media
27-05-2021,TECHM,Largecap,I.T
27-05-2021,MINDTREE,Largecap,I.T
27-05-2021,ASTRAL,Largecap,FMCG
27-05-2021,BAJAJ-AUTO,Largecap,Auto
27-05-2021,GODREJPROP,Largecap,Realty
27-05-2021,SYNGENE,Largecap,Pharmaceuticals
27-05-2021,MGL,Midcap,Industrials
27-05-2021,LTI,Largecap,I.T
27-05-2021,LTTS,Largecap,I.T
28-05-2021,KOTAKBANK,Largecap,Bank
28-05-2021,MRF,Largecap,Auto
28-05-2021,GRASIM,Largecap,Textiles
28-05-2021,RELIANCE,Largecap,Industrials
28-05-2021,FEDERALBNK,Largecap,Bank
28-05-2021,M&M,Largecap,Auto
28-05-2021,NIFTY,Smallcap,Indices
28-05-2021,HDFCAMC,Largecap,Finance
28-05-2021,INDUSINDBK,Largecap,Bank
28-05-2021,GODREJCP,Largecap,FMCG
28-05-2021,CANBK,Largecap,Bank
28-05-2021,MINDTREE,Largecap,I.T
28-05-2021,INDIGO,Largecap,Services
31-05-2021,HDFCBANK,Largecap,Bank
31-05-2021,LICHSGFIN,Largecap,Finance
31-05-2021,RELIANCE,Largecap,Industrials
31-05-2021,TATACONSUM,Largecap,FMCG
31-05-2021,ITC,Largecap,FMCG
31-05-2021,NIFTY,Smallcap,Indices
31-05-2021,HDFCAMC,Largecap,Finance
31-05-2021,GODREJCP,Largecap,FMCG
31-05-2021,MINDTREE,Largecap,I.T
31-05-2021,MUTHOOTFIN,Largecap,Finance
31-05-2021,ABFRL,Largecap,FMCG
31-05-2021,LALPATHLAB,Largecap,Pharmaceuticals
01-06-2021,LAURUSLABS,Largecap,Pharmaceuticals
01-06-2021,SBIN,Largecap,Bank
01-06-2021,TATACONSUM,Largecap,FMCG
01-06-2021,WIPRO,Largecap,I.T
01-06-2021,DIXON,Largecap,FMCG
01-06-2021,HCLTECH,Largecap,I.T
01-06-2021,MINDTREE,Largecap,I.T
01-06-2021,ABFRL,Largecap,FMCG
01-06-2021,GUJGASLTD,Largecap,Miscellaneous
01-06-2021,ALKEM,Largecap,Pharmaceuticals
02-06-2021,HINDPETRO,Largecap,Industrials
02-06-2021,SBIN,Largecap,Bank
02-06-2021,LICHSGFIN,Largecap,Finance
02-06-2021,MFSL,Largecap,Finance
02-06-2021,TORNTPHARM,Largecap,Pharmaceuticals
02-06-2021,VOLTAS,Largecap,FMCG
02-06-2021,ADANIENT,Largecap,Services
02-06-2021,DIXON,Largecap,FMCG
02-06-2021,ADANIPORTS,Largecap,Realty
02-06-2021,ALKEM,Largecap,Pharmaceuticals
03-06-2021,BAJFINANCE,Largecap,Finance
03-06-2021,SBIN,Largecap,Bank
03-06-2021,TITAN,Largecap,Miscellaneous
03-06-2021,LICHSGFIN,Largecap,Finance
03-06-2021,RELIANCE,Largecap,Industrials
03-06-2021,SHREECEM,Largecap,Industrials
03-06-2021,ACC,Largecap,Industrials
03-06-2021,LT,Largecap,Realty
03-06-2021,BOSCHLTD,Largecap,Auto
03-06-2021,SIEMENS,Largecap,FMCG
03-06-2021,TATAMOTORS,Largecap,Auto
03-06-2021,VOLTAS,Largecap,FMCG
03-06-2021,TATACHEM,Largecap,Industrials
03-06-2021,TATACONSUM,Largecap,FMCG
03-06-2021,EICHERMOT,Largecap,Auto
03-06-2021,APOLLOHOSP,Largecap,Pharmaceuticals
03-06-2021,CHOLAFIN,Largecap,Finance
03-06-2021,ADANIENT,Largecap,Services
03-06-2021,HAVELLS,Largecap,FMCG
03-06-2021,NIFTY,Smallcap,Indices
03-06-2021,BANKNIFTY,Smallcap,Indices
03-06-2021,DIXON,Largecap,FMCG
03-06-2021,HDFCLIFE,Largecap,Services
03-06-2021,HAL,Largecap,FMCG
03-06-2021,HDFCAMC,Largecap,Finance
03-06-2021,IOC,Largecap,Industrials
03-06-2021,MARICO,Largecap,FMCG
03-06-2021,GODREJCP,Largecap,FMCG
03-06-2021,GSPL,Midcap,Industrials
03-06-2021,FSL,Midcap,I.T
03-06-2021,DELTACORP,Midcap,Media
03-06-2021,DLF,Largecap,Realty
03-06-2021,ADANIPORTS,Largecap,Realty
03-06-2021,GODREJPROP,Largecap,Realty
03-06-2021,MUTHOOTFIN,Largecap,Finance
03-06-2021,GUJGASLTD,Largecap,Miscellaneous
03-06-2021,ALKEM,Largecap,Pharmaceuticals
03-06-2021,CROMPTON,Largecap,FMCG
04-06-2021,HDFC,Largecap,Finance
04-06-2021,LAURUSLABS,Largecap,Pharmaceuticals
04-06-2021,BAJFINANCE,Largecap,Finance
04-06-2021,LICHSGFIN,Largecap,Finance
04-06-2021,GRASIM,Largecap,Textiles
04-06-2021,ONGC,Largecap,Oils
04-06-2021,ASHOKLEY,Largecap,Auto
04-06-2021,LT,Largecap,Realty
04-06-2021,TATAMOTORS,Largecap,Auto
04-06-2021,TATACHEM,Largecap,Industrials
04-06-2021,TATACONSUM,Largecap,FMCG
04-06-2021,ADANIENT,Largecap,Services
04-06-2021,IOC,Largecap,Industrials
04-06-2021,CONCOR,Largecap,Services
04-06-2021,UBL,Largecap,FMCG
04-06-2021,DIVISLAB,Largecap,Pharmaceuticals
04-06-2021,COFORGE,Largecap,I.T
04-06-2021,DELTACORP,Midcap,Media
04-06-2021,GUJGASLTD,Largecap,Miscellaneous
04-06-2021,ICICIPRULI,Largecap,Services
07-06-2021,LAURUSLABS,Largecap,Pharmaceuticals
07-06-2021,BATAINDIA,Largecap,FMCG
07-06-2021,EXIDEIND,Midcap,Auto
07-06-2021,DABUR,Largecap,FMCG
07-06-2021,PEL,Largecap,Pharmaceuticals
07-06-2021,TORNTPHARM,Largecap,Pharmaceuticals
07-06-2021,LT,Largecap,Realty
07-06-2021,TATAMOTORS,Largecap,Auto
07-06-2021,TATACONSUM,Largecap,FMCG
07-06-2021,SRF,Midcap,Industrials
07-06-2021,COROMANDEL,Largecap,Industrials
07-06-2021,UPL,Largecap,Industrials
07-06-2021,CONCOR,Largecap,Services
07-06-2021,METROPOLIS,Midcap,Pharmaceuticals
07-06-2021,GAIL,Largecap,Industrials
07-06-2021,BSOFT,Midcap,I.T
07-06-2021,ULTRACEMCO,Largecap,Industrials
07-06-2021,TCS,Largecap,I.T
07-06-2021,NTPC,Largecap,Miscellaneous
07-06-2021,NAUKRI,Largecap,I.T
07-06-2021,PFC,Largecap,Finance
07-06-2021,DELTACORP,Midcap,Media
07-06-2021,ADANIPORTS,Largecap,Realty
07-06-2021,RECLTD,Largecap,Finance
07-06-2021,COALINDIA,Largecap,Industrials
07-06-2021,MCX,Midcap,Miscellaneous
07-06-2021,INDUSTOWER,Largecap,Telecom
07-06-2021,GUJGASLTD,Largecap,Miscellaneous
07-06-2021,ICICIPRULI,Largecap,Services
08-06-2021,LAURUSLABS,Largecap,Pharmaceuticals
08-06-2021,ATUL,Largecap,Industrials
08-06-2021,DABUR,Largecap,FMCG
08-06-2021,MFSL,Largecap,Finance
08-06-2021,PEL,Largecap,Pharmaceuticals
08-06-2021,TATAPOWER,Largecap,Miscellaneous
08-06-2021,BPCL,Largecap,Industrials
08-06-2021,TATAMOTORS,Largecap,Auto
08-06-2021,TATACONSUM,Largecap,FMCG
08-06-2021,SRF,Midcap,Industrials
08-06-2021,IRCTC,Midcap,Miscellaneous
08-06-2021,HCLTECH,Largecap,I.T
08-06-2021,BSOFT,Midcap,I.T
08-06-2021,BHARTIARTL,Largecap,Telecom
08-06-2021,NAVINFLUOR,Midcap,Industrials
08-06-2021,TCS,Largecap,I.T
08-06-2021,COFORGE,Largecap,I.T
08-06-2021,TECHM,Largecap,I.T
08-06-2021,FSL,Midcap,I.T
08-06-2021,MINDTREE,Largecap,I.T
08-06-2021,ASTRAL,Largecap,FMCG
08-06-2021,RECLTD,Largecap,Finance
08-06-2021,INDUSTOWER,Largecap,Telecom
08-06-2021,LTI,Largecap,I.T
09-06-2021,TITAN,Largecap,Miscellaneous
09-06-2021,TATAPOWER,Largecap,Miscellaneous
09-06-2021,AARTIIND,Largecap,Industrials
09-06-2021,SBICARD,Largecap,Finance
09-06-2021,FSL,Midcap,I.T
09-06-2021,ASTRAL,Largecap,FMCG
10-06-2021,DIVISLAB,Largecap,Pharmaceuticals
10-06-2021,NAUKRI,Largecap,I.T
10-06-2021,JUBLFOOD,Largecap,Quick Service Restaurant
10-06-2021,IBULHSGFIN,Midcap,Finance
11-06-2021,INFY,Largecap,I.T
11-06-2021,PEL,Largecap,Pharmaceuticals
11-06-2021,TORNTPHARM,Largecap,Pharmaceuticals
11-06-2021,MPHASIS,Largecap,I.T
11-06-2021,ICICIGI,Largecap,Services
11-06-2021,POLYCAB,Largecap,Industrials
11-06-2021,JINDALSTEL,Largecap,Metals
11-06-2021,GLENMARK,Midcap,Pharmaceuticals
11-06-2021,BSOFT,Midcap,I.T
11-06-2021,GODREJCP,Largecap,FMCG
11-06-2021,OFSS,Largecap,I.T
11-06-2021,TCS,Largecap,I.T
11-06-2021,COFORGE,Largecap,I.T
11-06-2021,APLLTD,Midcap,Pharmaceuticals
11-06-2021,LTI,Largecap,I.T
11-06-2021,LTTS,Largecap,I.T
14-06-2021,DABUR,Largecap,FMCG
14-06-2021,SAIL,Largecap,Metals
14-06-2021,INFY,Largecap,I.T
14-06-2021,RELIANCE,Largecap,Industrials
14-06-2021,TORNTPHARM,Largecap,Pharmaceuticals
14-06-2021,TATAMOTORS,Largecap,Auto
14-06-2021,AUBANK,Largecap,Bank
14-06-2021,JINDALSTEL,Largecap,Metals
14-06-2021,GODREJCP,Largecap,FMCG
14-06-2021,IBULHSGFIN,Midcap,Finance
15-06-2021,BATAINDIA,Largecap,FMCG
15-06-2021,DABUR,Largecap,FMCG
15-06-2021,HINDUNILVR,Largecap,FMCG
15-06-2021,BRITANNIA,Largecap,FMCG
15-06-2021,NIFTY,Smallcap,Indices
15-06-2021,MANAPPURAM,Midcap,Finance
15-06-2021,MARICO,Largecap,FMCG
15-06-2021,GODREJCP,Largecap,FMCG
15-06-2021,MCDOWELL-N,Largecap,FMCG
15-06-2021,NAUKRI,Largecap,I.T
15-06-2021,MUTHOOTFIN,Largecap,Finance
15-06-2021,IBULHSGFIN,Midcap,Finance
16-06-2021,DABUR,Largecap,FMCG
16-06-2021,INFY,Largecap,I.T
16-06-2021,HINDUNILVR,Largecap,FMCG
16-06-2021,NESTLEIND,Largecap,FMCG
16-06-2021,TATACONSUM,Largecap,FMCG
16-06-2021,MPHASIS,Largecap,I.T
16-06-2021,POLYCAB,Largecap,Industrials
17-06-2021,BATAINDIA,Largecap,FMCG
17-06-2021,INFY,Largecap,I.T
17-06-2021,TATACONSUM,Largecap,FMCG
17-06-2021,BRITANNIA,Largecap,FMCG
17-06-2021,COROMANDEL,Largecap,Industrials
17-06-2021,POLYCAB,Largecap,Industrials
17-06-2021,TCS,Largecap,I.T
18-06-2021,INFY,Largecap,I.T
18-06-2021,HINDUNILVR,Largecap,FMCG
18-06-2021,DIXON,Largecap,FMCG
18-06-2021,IEX,Largecap,Miscellaneous
18-06-2021,HDFCLIFE,Largecap,Services
18-06-2021,SUNTV,Largecap,Media
18-06-2021,NAUKRI,Largecap,I.T
18-06-2021,JUBLFOOD,Largecap,Quick Service Restaurant
21-06-2021,PEL,Largecap,Pharmaceuticals
21-06-2021,HINDUNILVR,Largecap,FMCG
21-06-2021,DIXON,Largecap,FMCG
21-06-2021,HDFCLIFE,Largecap,Services
22-06-2021,INFY,Largecap,I.T
22-06-2021,PEL,Largecap,Pharmaceuticals
22-06-2021,SHREECEM,Largecap,Industrials
22-06-2021,TATACONSUM,Largecap,FMCG
22-06-2021,UBL,Largecap,FMCG
22-06-2021,ULTRACEMCO,Largecap,Industrials
22-06-2021,GSPL,Midcap,Industrials
22-06-2021,GMRINFRA,Largecap,Realty
23-06-2021,BEL,Largecap,FMCG
23-06-2021,TITAN,Largecap,Miscellaneous
24-06-2021,BEL,Largecap,FMCG
24-06-2021,BRITANNIA,Largecap,FMCG
24-06-2021,CUB,Midcap,Bank
24-06-2021,MARUTI,Largecap,Auto
24-06-2021,ULTRACEMCO,Largecap,Industrials
25-06-2021,BEL,Largecap,FMCG
25-06-2021,HDFCBANK,Largecap,Bank
25-06-2021,INFY,Largecap,I.T
25-06-2021,MFSL,Largecap,Finance
25-06-2021,CUMMINSIND,Largecap,FMCG
25-06-2021,HDFCLIFE,Largecap,Services
25-06-2021,MARUTI,Largecap,Auto
25-06-2021,NAVINFLUOR,Midcap,Industrials
25-06-2021,TECHM,Largecap,I.T
25-06-2021,BAJAJFINSV,Largecap,Finance
28-06-2021,TATASTEEL,Largecap,Metals
28-06-2021,CUMMINSIND,Largecap,FMCG
28-06-2021,TATACONSUM,Largecap,FMCG
28-06-2021,PIIND,Largecap,Industrials
28-06-2021,ICICIGI,Largecap,Services
28-06-2021,NATIONALUM,Midcap,Metals
28-06-2021,JINDALSTEL,Largecap,Metals
28-06-2021,NAVINFLUOR,Midcap,Industrials
28-06-2021,JKCEMENT,Largecap,Industrials
28-06-2021,TECHM,Largecap,I.T
28-06-2021,PERSISTENT,Largecap,I.T
29-06-2021,APOLLOHOSP,Largecap,Pharmaceuticals
29-06-2021,AUBANK,Largecap,Bank
29-06-2021,IGL,Largecap,Industrials
29-06-2021,FSL,Midcap,I.T
29-06-2021,MINDTREE,Largecap,I.T
29-06-2021,PERSISTENT,Largecap,I.T
30-06-2021,BEL,Largecap,FMCG
30-06-2021,INFY,Largecap,I.T
30-06-2021,APOLLOHOSP,Largecap,Pharmaceuticals
30-06-2021,MPHASIS,Largecap,I.T
30-06-2021,GRANULES,Midcap,Pharmaceuticals
30-06-2021,NAVINFLUOR,Midcap,Industrials
30-06-2021,MINDTREE,Largecap,I.T
30-06-2021,PERSISTENT,Largecap,I.T
01-07-2021,BEL,Largecap,FMCG
01-07-2021,DABUR,Largecap,FMCG
01-07-2021,SRF,Midcap,Industrials
01-07-2021,DEEPAKNTR,Largecap,Industrials
01-07-2021,APOLLOHOSP,Largecap,Pharmaceuticals
01-07-2021,MPHASIS,Largecap,I.T
01-07-2021,DIVISLAB,Largecap,Pharmaceuticals
01-07-2021,IGL,Largecap,Industrials
02-07-2021,ATUL,Largecap,Industrials
02-07-2021,SRF,Midcap,Industrials
02-07-2021,DEEPAKNTR,Largecap,Industrials
02-07-2021,APOLLOHOSP,Largecap,Pharmaceuticals
02-07-2021,AUROPHARMA,Largecap,Pharmaceuticals
02-07-2021,DIVISLAB,Largecap,Pharmaceuticals
02-07-2021,NAUKRI,Largecap,I.T
05-07-2021,PIDILITIND,Largecap,Industrials
05-07-2021,TATACHEM,Largecap,Industrials
05-07-2021,NAM-INDIA,Largecap,Finance
05-07-2021,MANAPPURAM,Midcap,Finance
05-07-2021,NATIONALUM,Midcap,Metals
05-07-2021,DIVISLAB,Largecap,Pharmaceuticals
05-07-2021,STAR,Smallcap,Pharmaceuticals
05-07-2021,NAUKRI,Largecap,I.T
05-07-2021,PAGEIND,Largecap,FMCG
05-07-2021,DELTACORP,Midcap,Media
05-07-2021,DALBHARAT,Largecap,Industrials
05-07-2021,CROMPTON,Largecap,FMCG
06-07-2021,HDFCBANK,Largecap,Bank
06-07-2021,RAMCOCEM,Largecap,Industrials
06-07-2021,INDHOTEL,Largecap,Services
06-07-2021,IPCALAB,Largecap,Pharmaceuticals
06-07-2021,GODREJCP,Largecap,FMCG
06-07-2021,DALBHARAT,Largecap,Industrials
06-07-2021,ALKEM,Largecap,Pharmaceuticals
06-07-2021,LALPATHLAB,Largecap,Pharmaceuticals
07-07-2021,HDFC,Largecap,Finance
07-07-2021,TATASTEEL,Largecap,Metals
07-07-2021,INDHOTEL,Largecap,Services
07-07-2021,BERGEPAINT,Largecap,Industrials
07-07-2021,SRTRANSFIN,Largecap,Finance
07-07-2021,IPCALAB,Largecap,Pharmaceuticals
07-07-2021,INDUSINDBK,Largecap,Bank
07-07-2021,GRANULES,Midcap,Pharmaceuticals
08-07-2021,DABUR,Largecap,FMCG
08-07-2021,TRENT,Largecap,FMCG
08-07-2021,AMBUJACEM,Largecap,Industrials
08-07-2021,COLPAL,Largecap,FMCG
08-07-2021,AUBANK,Largecap,Bank
08-07-2021,IGL,Largecap,Industrials
08-07-2021,COFORGE,Largecap,I.T
08-07-2021,INDIGO,Largecap,Services
08-07-2021,LTTS,Largecap,I.T
09-07-2021,AMBUJACEM,Largecap,Industrials
09-07-2021,AUBANK,Largecap,Bank
09-07-2021,MPHASIS,Largecap,I.T
09-07-2021,INDIAMART,Largecap,I.T
09-07-2021,OFSS,Largecap,I.T
09-07-2021,TORNTPOWER,Largecap,Miscellaneous
09-07-2021,BAJAJFINSV,Largecap,Finance
09-07-2021,OBEROIRLTY,Largecap,Realty
09-07-2021,DALBHARAT,Largecap,Industrials
09-07-2021,ALKEM,Largecap,Pharmaceuticals
12-07-2021,RAMCOCEM,Largecap,Industrials
12-07-2021,ACC,Largecap,Industrials
12-07-2021,AMBUJACEM,Largecap,Industrials
12-07-2021,TATACHEM,Largecap,Industrials
12-07-2021,SBILIFE,Largecap,Services
12-07-2021,MANAPPURAM,Midcap,Finance
12-07-2021,IRCTC,Midcap,Miscellaneous
12-07-2021,GRANULES,Midcap,Pharmaceuticals
12-07-2021,ULTRACEMCO,Largecap,Industrials
12-07-2021,JKCEMENT,Largecap,Industrials
12-07-2021,TORNTPOWER,Largecap,Miscellaneous
12-07-2021,FSL,Midcap,I.T
12-07-2021,PAGEIND,Largecap,FMCG
12-07-2021,DLF,Largecap,Realty
12-07-2021,GODREJPROP,Largecap,Realty
12-07-2021,OBEROIRLTY,Largecap,Realty
12-07-2021,DALBHARAT,Largecap,Industrials
12-07-2021,MGL,Midcap,Industrials
13-07-2021,LUPIN,Largecap,Pharmaceuticals
13-07-2021,GRASIM,Largecap,Textiles
13-07-2021,CANFINHOME,Midcap,Finance
13-07-2021,SBILIFE,Largecap,Services
13-07-2021,IRCTC,Midcap,Miscellaneous
13-07-2021,ICICIBANK,Largecap,Bank
13-07-2021,ULTRACEMCO,Largecap,Industrials
13-07-2021,DLF,Largecap,Realty
13-07-2021,RECLTD,Largecap,Finance
13-07-2021,DALBHARAT,Largecap,Industrials
14-07-2021,LUPIN,Largecap,Pharmaceuticals
14-07-2021,ASHOKLEY,Largecap,Auto
14-07-2021,APOLLOTYRE,Midcap,Auto
14-07-2021,IEX,Largecap,Miscellaneous
14-07-2021,OFSS,Largecap,I.T
14-07-2021,DIVISLAB,Largecap,Pharmaceuticals
15-07-2021,AMBUJACEM,Largecap,Industrials
15-07-2021,TATASTEEL,Largecap,Metals
15-07-2021,LT,Largecap,Realty
15-07-2021,ITC,Largecap,FMCG
15-07-2021,WIPRO,Largecap,I.T
15-07-2021,BANKNIFTY,Smallcap,Indices
15-07-2021,AUBANK,Largecap,Bank
15-07-2021,NAM-INDIA,Largecap,Finance
15-07-2021,HDFCAMC,Largecap,Finance
15-07-2021,MANAPPURAM,Midcap,Finance
15-07-2021,HCLTECH,Largecap,I.T
15-07-2021,COFORGE,Largecap,I.T
15-07-2021,MINDTREE,Largecap,I.T
15-07-2021,PAGEIND,Largecap,FMCG
15-07-2021,ASTRAL,Largecap,FMCG
15-07-2021,LTI,Largecap,I.T
15-07-2021,LTTS,Largecap,I.T
16-07-2021,RAMCOCEM,Largecap,Industrials
16-07-2021,ACC,Largecap,Industrials
16-07-2021,HINDALCO,Largecap,Metals
16-07-2021,TATASTEEL,Largecap,Metals
16-07-2021,VOLTAS,Largecap,FMCG
16-07-2021,BALKRISIND,Largecap,Auto
16-07-2021,SRF,Midcap,Industrials
16-07-2021,HAVELLS,Largecap,FMCG
16-07-2021,NAM-INDIA,Largecap,Finance
16-07-2021,IRCTC,Midcap,Miscellaneous
16-07-2021,ULTRACEMCO,Largecap,Industrials
16-07-2021,FSL,Midcap,I.T
16-07-2021,PFC,Largecap,Finance
16-07-2021,DLF,Largecap,Realty
16-07-2021,GODREJPROP,Largecap,Realty
16-07-2021,MCX,Midcap,Miscellaneous
16-07-2021,SYNGENE,Largecap,Pharmaceuticals
19-07-2021,LUPIN,Largecap,Pharmaceuticals
19-07-2021,ACC,Largecap,Industrials
19-07-2021,SRF,Midcap,Industrials
19-07-2021,APOLLOHOSP,Largecap,Pharmaceuticals
19-07-2021,PIIND,Largecap,Industrials
19-07-2021,NATIONALUM,Midcap,Metals
19-07-2021,DIVISLAB,Largecap,Pharmaceuticals
19-07-2021,MCX,Midcap,Miscellaneous
20-07-2021,ACC,Largecap,Industrials
20-07-2021,AMBUJACEM,Largecap,Industrials
20-07-2021,NESTLEIND,Largecap,FMCG
20-07-2021,ULTRACEMCO,Largecap,Industrials
22-07-2021,NESTLEIND,Largecap,FMCG
22-07-2021,HAVELLS,Largecap,FMCG
22-07-2021,PFC,Largecap,Finance
22-07-2021,GUJGASLTD,Largecap,Miscellaneous
22-07-2021,LTTS,Largecap,I.T
23-07-2021,ABBOTINDIA,Largecap,Pharmaceuticals
23-07-2021,NESTLEIND,Largecap,FMCG
23-07-2021,COLPAL,Largecap,FMCG
23-07-2021,WIPRO,Largecap,I.T
23-07-2021,AARTIIND,Largecap,Industrials
23-07-2021,IPCALAB,Largecap,Pharmaceuticals
23-07-2021,GODREJCP,Largecap,FMCG
23-07-2021,BAJAJFINSV,Largecap,Finance
23-07-2021,JUBLFOOD,Largecap,Quick Service Restaurant
26-07-2021,TORNTPHARM,Largecap,Pharmaceuticals
26-07-2021,ABBOTINDIA,Largecap,Pharmaceuticals
26-07-2021,IPCALAB,Largecap,Pharmaceuticals
26-07-2021,SUNPHARMA,Largecap,Pharmaceuticals
26-07-2021,SBILIFE,Largecap,Services
26-07-2021,SBICARD,Largecap,Finance
26-07-2021,BAJAJFINSV,Largecap,Finance
27-07-2021,HINDALCO,Largecap,Metals
27-07-2021,TATASTEEL,Largecap,Metals
27-07-2021,PFIZER,Largecap,Pharmaceuticals
27-07-2021,NESTLEIND,Largecap,FMCG
27-07-2021,SBILIFE,Largecap,Services
27-07-2021,BAJAJFINSV,Largecap,Finance
27-07-2021,JUBLFOOD,Largecap,Quick Service Restaurant
27-07-2021,ICICIPRULI,Largecap,Services
28-07-2021,TATASTEEL,Largecap,Metals
28-07-2021,SBILIFE,Largecap,Services
28-07-2021,OFSS,Largecap,I.T
28-07-2021,BAJAJFINSV,Largecap,Finance
29-07-2021,BAJFINANCE,Largecap,Finance
29-07-2021,SAIL,Largecap,Metals
29-07-2021,INFY,Largecap,I.T
29-07-2021,JSWSTEEL,Largecap,Metals
29-07-2021,VEDL,Largecap,Industrials
29-07-2021,TATASTEEL,Largecap,Metals
29-07-2021,METROPOLIS,Midcap,Pharmaceuticals
29-07-2021,ICICIBANK,Largecap,Bank
29-07-2021,ULTRACEMCO,Largecap,Industrials
29-07-2021,COFORGE,Largecap,I.T
29-07-2021,BAJAJFINSV,Largecap,Finance
29-07-2021,LTI,Largecap,I.T
30-07-2021,VEDL,Largecap,Industrials
30-07-2021,ASHOKLEY,Largecap,Auto
30-07-2021,ABBOTINDIA,Largecap,Pharmaceuticals
30-07-2021,VOLTAS,Largecap,FMCG
30-07-2021,SRF,Midcap,Industrials
30-07-2021,AARTIIND,Largecap,Industrials
30-07-2021,SUNPHARMA,Largecap,Pharmaceuticals
30-07-2021,NATIONALUM,Midcap,Metals
30-07-2021,HCLTECH,Largecap,I.T
30-07-2021,SUNTV,Largecap,Media
30-07-2021,MINDTREE,Largecap,I.T
30-07-2021,GODREJPROP,Largecap,Realty
30-07-2021,JUBLFOOD,Largecap,Quick Service Restaurant
30-07-2021,LTI,Largecap,I.T
02-08-2021,INFY,Largecap,I.T
02-08-2021,TRENT,Largecap,FMCG
02-08-2021,VEDL,Largecap,Industrials
02-08-2021,SHREECEM,Largecap,Industrials
02-08-2021,TATAPOWER,Largecap,Miscellaneous
02-08-2021,ACC,Largecap,Industrials
02-08-2021,ABBOTINDIA,Largecap,Pharmaceuticals
02-08-2021,BALKRISIND,Largecap,Auto
02-08-2021,SRF,Midcap,Industrials
02-08-2021,AARTIIND,Largecap,Industrials
02-08-2021,SBICARD,Largecap,Finance
02-08-2021,CANBK,Largecap,Bank
02-08-2021,PVR,Midcap,Media
02-08-2021,PFC,Largecap,Finance
02-08-2021,ASTRAL,Largecap,FMCG
02-08-2021,RECLTD,Largecap,Finance
02-08-2021,GODREJPROP,Largecap,Realty
02-08-2021,GUJGASLTD,Largecap,Miscellaneous
02-08-2021,CROMPTON,Largecap,FMCG
02-08-2021,MGL,Midcap,Industrials
03-08-2021,CHAMBLFERT,Midcap,Industrials
03-08-2021,TITAN,Largecap,Miscellaneous
03-08-2021,INFY,Largecap,I.T
03-08-2021,PEL,Largecap,Pharmaceuticals
03-08-2021,ONGC,Largecap,Oils
03-08-2021,AMBUJACEM,Largecap,Industrials
03-08-2021,CUMMINSIND,Largecap,FMCG
03-08-2021,LT,Largecap,Realty
03-08-2021,SIEMENS,Largecap,FMCG
03-08-2021,EICHERMOT,Largecap,Auto
03-08-2021,DEEPAKNTR,Largecap,Industrials
03-08-2021,WIPRO,Largecap,I.T
03-08-2021,HAVELLS,Largecap,FMCG
03-08-2021,AARTIIND,Largecap,Industrials
03-08-2021,NIFTY,Smallcap,Indices
03-08-2021,CONCOR,Largecap,Services
03-08-2021,INDIAMART,Largecap,I.T
03-08-2021,SBICARD,Largecap,Finance
03-08-2021,HCLTECH,Largecap,I.T
03-08-2021,GODREJCP,Largecap,FMCG
03-08-2021,DIVISLAB,Largecap,Pharmaceuticals
03-08-2021,ULTRACEMCO,Largecap,Industrials
03-08-2021,TCS,Largecap,I.T
03-08-2021,TECHM,Largecap,I.T
03-08-2021,DLF,Largecap,Realty
03-08-2021,GUJGASLTD,Largecap,Miscellaneous
03-08-2021,ALKEM,Largecap,Pharmaceuticals
03-08-2021,LALPATHLAB,Largecap,Pharmaceuticals
04-08-2021,HDFC,Largecap,Finance
04-08-2021,SBIN,Largecap,Bank
04-08-2021,KOTAKBANK,Largecap,Bank
04-08-2021,SIEMENS,Largecap,FMCG
04-08-2021,NIFTY,Smallcap,Indices
04-08-2021,BANKNIFTY,Smallcap,Indices
04-08-2021,NAM-INDIA,Largecap,Finance
04-08-2021,INDIAMART,Largecap,I.T
04-08-2021,BANKBARODA,Largecap,Bank
04-08-2021,ICICIBANK,Largecap,Bank
04-08-2021,JKCEMENT,Largecap,Industrials
04-08-2021,GUJGASLTD,Largecap,Miscellaneous
04-08-2021,ICICIPRULI,Largecap,Services
05-08-2021,HDFCBANK,Largecap,Bank
05-08-2021,JSWSTEEL,Largecap,Metals
05-08-2021,KOTAKBANK,Largecap,Bank
05-08-2021,PEL,Largecap,Pharmaceuticals
05-08-2021,RELIANCE,Largecap,Industrials
05-08-2021,SIEMENS,Largecap,FMCG
05-08-2021,NIFTY,Smallcap,Indices
05-08-2021,OFSS,Largecap,I.T
06-08-2021,LAURUSLABS,Largecap,Pharmaceuticals
06-08-2021,PEL,Largecap,Pharmaceuticals
06-08-2021,SIEMENS,Largecap,FMCG
06-08-2021,TATACHEM,Largecap,Industrials
06-08-2021,ADANIENT,Largecap,Services
06-08-2021,OFSS,Largecap,I.T
06-08-2021,TECHM,Largecap,I.T
06-08-2021,COALINDIA,Largecap,Industrials
09-08-2021,LAURUSLABS,Largecap,Pharmaceuticals
09-08-2021,HDFCBANK,Largecap,Bank
09-08-2021,PEL,Largecap,Pharmaceuticals
09-08-2021,TATACHEM,Largecap,Industrials
09-08-2021,DEEPAKNTR,Largecap,Industrials
09-08-2021,IPCALAB,Largecap,Pharmaceuticals
09-08-2021,IRCTC,Midcap,Miscellaneous
09-08-2021,JKCEMENT,Largecap,Industrials
09-08-2021,TECHM,Largecap,I.T
10-08-2021,HDFCBANK,Largecap,Bank
10-08-2021,INFY,Largecap,I.T
10-08-2021,KOTAKBANK,Largecap,Bank
10-08-2021,M&M,Largecap,Auto
10-08-2021,IPCALAB,Largecap,Pharmaceuticals
10-08-2021,AUBANK,Largecap,Bank
10-08-2021,HDFCAMC,Largecap,Finance
10-08-2021,OFSS,Largecap,I.T
11-08-2021,ALKEM,Largecap,Pharmaceuticals
12-08-2021,INFY,Largecap,I.T
12-08-2021,TATACHEM,Largecap,Industrials
12-08-2021,GAIL,Largecap,Industrials
12-08-2021,TECHM,Largecap,I.T
12-08-2021,POWERGRID,Largecap,Miscellaneous
13-08-2021,HDFC,Largecap,Finance
13-08-2021,TITAN,Largecap,Miscellaneous
13-08-2021,HDFCBANK,Largecap,Bank
13-08-2021,INFY,Largecap,I.T
13-08-2021,CUMMINSIND,Largecap,FMCG
13-08-2021,SIEMENS,Largecap,FMCG
13-08-2021,TATACONSUM,Largecap,FMCG
13-08-2021,WIPRO,Largecap,I.T
13-08-2021,NIFTY,Smallcap,Indices
13-08-2021,HCLTECH,Largecap,I.T
13-08-2021,MCDOWELL-N,Largecap,FMCG
13-08-2021,BHARTIARTL,Largecap,Telecom
13-08-2021,TCS,Largecap,I.T
16-08-2021,HDFC,Largecap,Finance
16-08-2021,VEDL,Largecap,Industrials
16-08-2021,RELIANCE,Largecap,Industrials
16-08-2021,TATASTEEL,Largecap,Metals
16-08-2021,BPCL,Largecap,Industrials
16-08-2021,HINDUNILVR,Largecap,FMCG
16-08-2021,NIFTY,Smallcap,Indices
16-08-2021,POLYCAB,Largecap,Industrials
16-08-2021,ALKEM,Largecap,Pharmaceuticals
17-08-2021,HDFC,Largecap,Finance
17-08-2021,BAJFINANCE,Largecap,Finance
17-08-2021,TITAN,Largecap,Miscellaneous
17-08-2021,CUMMINSIND,Largecap,FMCG
17-08-2021,HINDUNILVR,Largecap,FMCG
17-08-2021,NESTLEIND,Largecap,FMCG
17-08-2021,BRITANNIA,Largecap,FMCG
17-08-2021,APOLLOHOSP,Largecap,Pharmaceuticals
17-08-2021,NIFTY,Smallcap,Indices
17-08-2021,IPCALAB,Largecap,Pharmaceuticals
17-08-2021,HCLTECH,Largecap,I.T
17-08-2021,TCS,Largecap,I.T
17-08-2021,INDIGO,Largecap,Services
18-08-2021,BAJFINANCE,Largecap,Finance
18-08-2021,BATAINDIA,Largecap,FMCG
18-08-2021,TITAN,Largecap,Miscellaneous
18-08-2021,CUMMINSIND,Largecap,FMCG
18-08-2021,NESTLEIND,Largecap,FMCG
18-08-2021,TATACONSUM,Largecap,FMCG
18-08-2021,BRITANNIA,Largecap,FMCG
18-08-2021,MCDOWELL-N,Largecap,FMCG
18-08-2021,UBL,Largecap,FMCG
18-08-2021,GSPL,Midcap,Industrials
18-08-2021,NAUKRI,Largecap,I.T
18-08-2021,MINDTREE,Largecap,I.T
18-08-2021,BAJAJFINSV,Largecap,Finance
18-08-2021,JUBLFOOD,Largecap,Quick Service Restaurant
18-08-2021,ICICIPRULI,Largecap,Services
20-08-2021,BAJFINANCE,Largecap,Finance
20-08-2021,HINDUNILVR,Largecap,FMCG
20-08-2021,NESTLEIND,Largecap,FMCG
20-08-2021,TATACONSUM,Largecap,FMCG
20-08-2021,BRITANNIA,Largecap,FMCG
20-08-2021,MINDTREE,Largecap,I.T
23-08-2021,BAJFINANCE,Largecap,Finance
23-08-2021,HINDUNILVR,Largecap,FMCG
23-08-2021,NESTLEIND,Largecap,FMCG
23-08-2021,IPCALAB,Largecap,Pharmaceuticals
23-08-2021,TCS,Largecap,I.T
23-08-2021,MINDTREE,Largecap,I.T
23-08-2021,BAJAJFINSV,Largecap,Finance
24-08-2021,BAJFINANCE,Largecap,Finance
24-08-2021,TECHM,Largecap,I.T
24-08-2021,NAUKRI,Largecap,I.T
24-08-2021,BAJAJFINSV,Largecap,Finance
25-08-2021,BEL,Largecap,FMCG
25-08-2021,RELIANCE,Largecap,Industrials
25-08-2021,ESCORTS,Largecap,Auto
25-08-2021,HDFCLIFE,Largecap,Services
25-08-2021,HAL,Largecap,FMCG
25-08-2021,SBICARD,Largecap,Finance
25-08-2021,TORNTPOWER,Largecap,Miscellaneous
26-08-2021,BEL,Largecap,FMCG
26-08-2021,TRENT,Largecap,FMCG
26-08-2021,RELIANCE,Largecap,Industrials
26-08-2021,BRITANNIA,Largecap,FMCG
26-08-2021,CHOLAFIN,Largecap,Finance
26-08-2021,HDFCLIFE,Largecap,Services
26-08-2021,HAL,Largecap,FMCG
26-08-2021,SBICARD,Largecap,Finance
26-08-2021,DALBHARAT,Largecap,Industrials
26-08-2021,INDIGO,Largecap,Services
27-08-2021,BEL,Largecap,FMCG
27-08-2021,NIFTY,Smallcap,Indices
27-08-2021,SBILIFE,Largecap,Services
27-08-2021,ICICIGI,Largecap,Services
27-08-2021,HDFCLIFE,Largecap,Services
27-08-2021,HAL,Largecap,FMCG
27-08-2021,HDFCAMC,Largecap,Finance
27-08-2021,TCS,Largecap,I.T
27-08-2021,NAUKRI,Largecap,I.T
27-08-2021,INDIGO,Largecap,Services
27-08-2021,ALKEM,Largecap,Pharmaceuticals
27-08-2021,LTI,Largecap,I.T
30-08-2021,HDFC,Largecap,Finance
30-08-2021,BAJFINANCE,Largecap,Finance
30-08-2021,BATAINDIA,Largecap,FMCG
30-08-2021,CIPLA,Largecap,Pharmaceuticals
30-08-2021,DABUR,Largecap,FMCG
30-08-2021,TRENT,Largecap,FMCG
30-08-2021,ONGC,Largecap,Oils
30-08-2021,SIEMENS,Largecap,FMCG
30-08-2021,SRF,Midcap,Industrials
30-08-2021,DEEPAKNTR,Largecap,Industrials
30-08-2021,CANFINHOME,Midcap,Finance
30-08-2021,ADANIENT,Largecap,Services
30-08-2021,PIIND,Largecap,Industrials
30-08-2021,NIFTY,Smallcap,Indices
30-08-2021,BANKNIFTY,Smallcap,Indices
30-08-2021,ICICIGI,Largecap,Services
30-08-2021,NAM-INDIA,Largecap,Finance
30-08-2021,HDFCLIFE,Largecap,Services
30-08-2021,HAL,Largecap,FMCG
30-08-2021,HDFCAMC,Largecap,Finance
30-08-2021,METROPOLIS,Midcap,Pharmaceuticals
30-08-2021,POLYCAB,Largecap,Industrials
30-08-2021,INDIAMART,Largecap,I.T
30-08-2021,AXISBANK,Largecap,Bank
30-08-2021,NATIONALUM,Midcap,Metals
30-08-2021,GODREJCP,Largecap,FMCG
30-08-2021,NAVINFLUOR,Midcap,Industrials
30-08-2021,NAUKRI,Largecap,I.T
30-08-2021,BAJAJFINSV,Largecap,Finance
30-08-2021,COALINDIA,Largecap,Industrials
30-08-2021,INDIGO,Largecap,Services
30-08-2021,LTI,Largecap,I.T
31-08-2021,HDFC,Largecap,Finance
31-08-2021,BAJFINANCE,Largecap,Finance
31-08-2021,CIPLA,Largecap,Pharmaceuticals
31-08-2021,DABUR,Largecap,FMCG
31-08-2021,HINDPETRO,Largecap,Industrials
31-08-2021,TITAN,Largecap,Miscellaneous
31-08-2021,HDFCBANK,Largecap,Bank
31-08-2021,MRF,Largecap,Auto
31-08-2021,ONGC,Largecap,Oils
31-08-2021,PIDILITIND,Largecap,Industrials
31-08-2021,SHREECEM,Largecap,Industrials
31-08-2021,ACC,Largecap,Industrials
31-08-2021,AMBUJACEM,Largecap,Industrials
31-08-2021,HINDALCO,Largecap,Metals
31-08-2021,SIEMENS,Largecap,FMCG
31-08-2021,TATACONSUM,Largecap,FMCG
31-08-2021,ASIANPAINT,Largecap,Industrials
31-08-2021,BRITANNIA,Largecap,FMCG
31-08-2021,SRF,Midcap,Industrials
31-08-2021,DEEPAKNTR,Largecap,Industrials
31-08-2021,SRTRANSFIN,Largecap,Finance
31-08-2021,CHOLAFIN,Largecap,Finance
31-08-2021,ADANIENT,Largecap,Services
31-08-2021,PIIND,Largecap,Industrials
31-08-2021,NIFTY,Smallcap,Indices
31-08-2021,BANKNIFTY,Smallcap,Indices
31-08-2021,IEX,Largecap,Miscellaneous
31-08-2021,HDFCLIFE,Largecap,Services
31-08-2021,IOC,Largecap,Industrials
31-08-2021,METROPOLIS,Midcap,Pharmaceuticals
31-08-2021,POLYCAB,Largecap,Industrials
31-08-2021,INDIAMART,Largecap,I.T
31-08-2021,SBICARD,Largecap,Finance
31-08-2021,ICICIBANK,Largecap,Bank
31-08-2021,NATIONALUM,Midcap,Metals
31-08-2021,DIVISLAB,Largecap,Pharmaceuticals
31-08-2021,NAVINFLUOR,Midcap,Industrials
31-08-2021,IGL,Largecap,Industrials
31-08-2021,ULTRACEMCO,Largecap,Industrials
31-08-2021,NAUKRI,Largecap,I.T
31-08-2021,RECLTD,Largecap,Finance
31-08-2021,BAJAJFINSV,Largecap,Finance
31-08-2021,COALINDIA,Largecap,Industrials
31-08-2021,DALBHARAT,Largecap,Industrials
31-08-2021,INDIGO,Largecap,Services
01-09-2021,BEL,Largecap,FMCG
01-09-2021,DABUR,Largecap,FMCG
01-09-2021,SBIN,Largecap,Bank
01-09-2021,TITAN,Largecap,Miscellaneous
01-09-2021,MRF,Largecap,Auto
01-09-2021,PIDILITIND,Largecap,Industrials
01-09-2021,SHREECEM,Largecap,Industrials
01-09-2021,ACC,Largecap,Industrials
01-09-2021,TORNTPHARM,Largecap,Pharmaceuticals
01-09-2021,ABBOTINDIA,Largecap,Pharmaceuticals
01-09-2021,LT,Largecap,Realty
01-09-2021,VOLTAS,Largecap,FMCG
01-09-2021,ASIANPAINT,Largecap,Industrials
01-09-2021,EICHERMOT,Largecap,Auto
01-09-2021,BERGEPAINT,Largecap,Industrials
01-09-2021,CHOLAFIN,Largecap,Finance
01-09-2021,BANKNIFTY,Smallcap,Indices
01-09-2021,SBILIFE,Largecap,Services
01-09-2021,ICICIGI,Largecap,Services
01-09-2021,IEX,Largecap,Miscellaneous
01-09-2021,HDFCAMC,Largecap,Finance
01-09-2021,METROPOLIS,Midcap,Pharmaceuticals
01-09-2021,POLYCAB,Largecap,Industrials
01-09-2021,MARICO,Largecap,FMCG
01-09-2021,AXISBANK,Largecap,Bank
01-09-2021,MCDOWELL-N,Largecap,FMCG
01-09-2021,UBL,Largecap,FMCG
01-09-2021,JKCEMENT,Largecap,Industrials
01-09-2021,PAGEIND,Largecap,FMCG
01-09-2021,ASTRAL,Largecap,FMCG
01-09-2021,RECLTD,Largecap,Finance
01-09-2021,OBEROIRLTY,Largecap,Realty
01-09-2021,MUTHOOTFIN,Largecap,Finance
01-09-2021,LALPATHLAB,Largecap,Pharmaceuticals
02-09-2021,DABUR,Largecap,FMCG
02-09-2021,TITAN,Largecap,Miscellaneous
02-09-2021,PIDILITIND,Largecap,Industrials
02-09-2021,SHREECEM,Largecap,Industrials
02-09-2021,ACC,Largecap,Industrials
02-09-2021,CUMMINSIND,Largecap,FMCG
02-09-2021,BPCL,Largecap,Industrials
02-09-2021,VOLTAS,Largecap,FMCG
02-09-2021,PFIZER,Largecap,Pharmaceuticals
02-09-2021,BRITANNIA,Largecap,FMCG
02-09-2021,COLPAL,Largecap,FMCG
02-09-2021,INDHOTEL,Largecap,Services
02-09-2021,APOLLOTYRE,Midcap,Auto
02-09-2021,BALKRISIND,Largecap,Auto
02-09-2021,CHOLAFIN,Largecap,Finance
02-09-2021,HAVELLS,Largecap,FMCG
02-09-2021,SBILIFE,Largecap,Services
02-09-2021,INDIACEM,Midcap,Industrials
02-09-2021,HDFCAMC,Largecap,Finance
02-09-2021,CONCOR,Largecap,Services
02-09-2021,POLYCAB,Largecap,Industrials
02-09-2021,MCDOWELL-N,Largecap,FMCG
02-09-2021,UBL,Largecap,FMCG
02-09-2021,IGL,Largecap,Industrials
02-09-2021,JKCEMENT,Largecap,Industrials
02-09-2021,NAUKRI,Largecap,I.T
02-09-2021,DELTACORP,Midcap,Media
02-09-2021,DLF,Largecap,Realty
02-09-2021,GODREJPROP,Largecap,Realty
02-09-2021,JUBLFOOD,Largecap,Quick Service Restaurant
02-09-2021,INDIGO,Largecap,Services
02-09-2021,MGL,Midcap,Industrials
03-09-2021,TITAN,Largecap,Miscellaneous
03-09-2021,KOTAKBANK,Largecap,Bank
03-09-2021,MRF,Largecap,Auto
03-09-2021,RELIANCE,Largecap,Industrials
03-09-2021,AMBUJACEM,Largecap,Industrials
03-09-2021,BPCL,Largecap,Industrials
03-09-2021,PFIZER,Largecap,Pharmaceuticals
03-09-2021,BRITANNIA,Largecap,FMCG
03-09-2021,APOLLOTYRE,Midcap,Auto
03-09-2021,BALKRISIND,Largecap,Auto
03-09-2021,SRF,Midcap,Industrials
03-09-2021,EICHERMOT,Largecap,Auto
03-09-2021,DEEPAKNTR,Largecap,Industrials
03-09-2021,HAVELLS,Largecap,FMCG
03-09-2021,NIFTY,Smallcap,Indices
03-09-2021,HDFCAMC,Largecap,Finance
03-09-2021,IOC,Largecap,Industrials
03-09-2021,POLYCAB,Largecap,Industrials
03-09-2021,IRCTC,Midcap,Miscellaneous
03-09-2021,NATIONALUM,Midcap,Metals
03-09-2021,NTPC,Largecap,Miscellaneous
03-09-2021,DLF,Largecap,Realty
03-09-2021,RECLTD,Largecap,Finance
03-09-2021,PERSISTENT,Largecap,I.T
03-09-2021,MCX,Midcap,Miscellaneous
03-09-2021,INDIGO,Largecap,Services
03-09-2021,LTI,Largecap,I.T
03-09-2021,LTTS,Largecap,I.T
03-09-2021,ICICIPRULI,Largecap,Services
06-09-2021,DRREDDY,Largecap,Pharmaceuticals
06-09-2021,VEDL,Largecap,Industrials
06-09-2021,GRASIM,Largecap,Textiles
06-09-2021,RELIANCE,Largecap,Industrials
06-09-2021,AMBUJACEM,Largecap,Industrials
06-09-2021,HINDALCO,Largecap,Metals
06-09-2021,VOLTAS,Largecap,FMCG
06-09-2021,BALKRISIND,Largecap,Auto
06-09-2021,WIPRO,Largecap,I.T
06-09-2021,NIFTY,Smallcap,Indices
06-09-2021,POLYCAB,Largecap,Industrials
06-09-2021,IRCTC,Midcap,Miscellaneous
06-09-2021,NATIONALUM,Midcap,Metals
06-09-2021,HCLTECH,Largecap,I.T
06-09-2021,PVR,Midcap,Media
06-09-2021,MINDTREE,Largecap,I.T
06-09-2021,PERSISTENT,Largecap,I.T
06-09-2021,DALBHARAT,Largecap,Industrials
06-09-2021,MCX,Midcap,Miscellaneous
07-09-2021,HDFC,Largecap,Finance
07-09-2021,ESCORTS,Largecap,Auto
07-09-2021,VOLTAS,Largecap,FMCG
07-09-2021,BALKRISIND,Largecap,Auto
07-09-2021,CANFINHOME,Midcap,Finance
07-09-2021,HAVELLS,Largecap,FMCG
07-09-2021,DIXON,Largecap,FMCG
07-09-2021,POLYCAB,Largecap,Industrials
07-09-2021,IRCTC,Midcap,Miscellaneous
08-09-2021,TITAN,Largecap,Miscellaneous
08-09-2021,GRASIM,Largecap,Textiles
08-09-2021,PFIZER,Largecap,Pharmaceuticals
08-09-2021,CANFINHOME,Midcap,Finance
08-09-2021,IEX,Largecap,Miscellaneous
08-09-2021,COALINDIA,Largecap,Industrials
08-09-2021,ICICIPRULI,Largecap,Services
09-09-2021,ASHOKLEY,Largecap,Auto
09-09-2021,ABBOTINDIA,Largecap,Pharmaceuticals
09-09-2021,HINDUNILVR,Largecap,FMCG
09-09-2021,IEX,Largecap,Miscellaneous
09-09-2021,NAM-INDIA,Largecap,Finance
09-09-2021,CONCOR,Largecap,Services
09-09-2021,METROPOLIS,Midcap,Pharmaceuticals
09-09-2021,MARICO,Largecap,FMCG
09-09-2021,PFC,Largecap,Finance
13-09-2021,DRREDDY,Largecap,Pharmaceuticals
13-09-2021,GRASIM,Largecap,Textiles
13-09-2021,PIDILITIND,Largecap,Industrials
13-09-2021,HINDALCO,Largecap,Metals
13-09-2021,ABBOTINDIA,Largecap,Pharmaceuticals
13-09-2021,BOSCHLTD,Largecap,Auto
13-09-2021,BPCL,Largecap,Industrials
13-09-2021,ASIANPAINT,Largecap,Industrials
13-09-2021,INDHOTEL,Largecap,Services
13-09-2021,ITC,Largecap,FMCG
13-09-2021,SRF,Midcap,Industrials
13-09-2021,COROMANDEL,Largecap,Industrials
13-09-2021,DEEPAKNTR,Largecap,Industrials
13-09-2021,BERGEPAINT,Largecap,Industrials
13-09-2021,METROPOLIS,Midcap,Pharmaceuticals
13-09-2021,IRCTC,Midcap,Miscellaneous
13-09-2021,NATIONALUM,Midcap,Metals
13-09-2021,BHARTIARTL,Largecap,Telecom
13-09-2021,IGL,Largecap,Industrials
13-09-2021,PVR,Midcap,Media
13-09-2021,FSL,Midcap,I.T
13-09-2021,PFC,Largecap,Finance
13-09-2021,MINDTREE,Largecap,I.T
13-09-2021,PERSISTENT,Largecap,I.T
13-09-2021,DALBHARAT,Largecap,Industrials
13-09-2021,SYNGENE,Largecap,Pharmaceuticals
13-09-2021,LALPATHLAB,Largecap,Pharmaceuticals
13-09-2021,LTI,Largecap,I.T
14-09-2021,ATUL,Largecap,Industrials
14-09-2021,KOTAKBANK,Largecap,Bank
14-09-2021,LT,Largecap,Realty
14-09-2021,TATAMOTORS,Largecap,Auto
14-09-2021,VOLTAS,Largecap,FMCG
14-09-2021,ITC,Largecap,FMCG
14-09-2021,DEEPAKNTR,Largecap,Industrials
14-09-2021,PIIND,Largecap,Industrials
14-09-2021,IOC,Largecap,Industrials
14-09-2021,IRCTC,Midcap,Miscellaneous
14-09-2021,HCLTECH,Largecap,I.T
14-09-2021,TCS,Largecap,I.T
14-09-2021,PAGEIND,Largecap,FMCG
14-09-2021,GODREJPROP,Largecap,Realty
14-09-2021,DALBHARAT,Largecap,Industrials
14-09-2021,LTI,Largecap,I.T
14-09-2021,LTTS,Largecap,I.T
15-09-2021,BATAINDIA,Largecap,FMCG
15-09-2021,BEL,Largecap,FMCG
15-09-2021,TITAN,Largecap,Miscellaneous
15-09-2021,ONGC,Largecap,Oils
15-09-2021,TATAPOWER,Largecap,Miscellaneous
15-09-2021,ASHOKLEY,Largecap,Auto
15-09-2021,LT,Largecap,Realty
15-09-2021,TATAMOTORS,Largecap,Auto
15-09-2021,VOLTAS,Largecap,FMCG
15-09-2021,APOLLOTYRE,Midcap,Auto
15-09-2021,MOTHERSUMI,Largecap,Auto
15-09-2021,MPHASIS,Largecap,I.T
15-09-2021,IOC,Largecap,Industrials
15-09-2021,GAIL,Largecap,Industrials
15-09-2021,INDUSINDBK,Largecap,Bank
15-09-2021,HCLTECH,Largecap,I.T
15-09-2021,TCS,Largecap,I.T
15-09-2021,COFORGE,Largecap,I.T
15-09-2021,NTPC,Largecap,Miscellaneous
15-09-2021,DELTACORP,Midcap,Media
15-09-2021,ADANIPORTS,Largecap,Realty
15-09-2021,GODREJPROP,Largecap,Realty
15-09-2021,LTTS,Largecap,I.T
16-09-2021,SBIN,Largecap,Bank
16-09-2021,FEDERALBNK,Largecap,Bank
16-09-2021,BOSCHLTD,Largecap,Auto
16-09-2021,SRF,Midcap,Industrials
16-09-2021,EICHERMOT,Largecap,Auto
16-09-2021,SRTRANSFIN,Largecap,Finance
16-09-2021,AARTIIND,Largecap,Industrials
16-09-2021,NIFTY,Smallcap,Indices
16-09-2021,BANKNIFTY,Smallcap,Indices
16-09-2021,HDFCLIFE,Largecap,Services
16-09-2021,INDIACEM,Midcap,Industrials
16-09-2021,IOC,Largecap,Industrials
16-09-2021,BANKBARODA,Largecap,Bank
16-09-2021,INDUSINDBK,Largecap,Bank
16-09-2021,PNB,Largecap,Bank
16-09-2021,CANBK,Largecap,Bank
16-09-2021,COFORGE,Largecap,I.T
16-09-2021,MINDTREE,Largecap,I.T
16-09-2021,POWERGRID,Largecap,Miscellaneous
16-09-2021,PERSISTENT,Largecap,I.T
16-09-2021,COALINDIA,Largecap,Industrials
17-09-2021,KOTAKBANK,Largecap,Bank
17-09-2021,BANKNIFTY,Smallcap,Indices
17-09-2021,IRCTC,Midcap,Miscellaneous
21-09-2021,ONGC,Largecap,Oils
21-09-2021,ITC,Largecap,FMCG
21-09-2021,HCLTECH,Largecap,I.T
21-09-2021,PVR,Midcap,Media
21-09-2021,GODREJPROP,Largecap,Realty
22-09-2021,ABBOTINDIA,Largecap,Pharmaceuticals
22-09-2021,ESCORTS,Largecap,Auto
22-09-2021,BOSCHLTD,Largecap,Auto
22-09-2021,INDHOTEL,Largecap,Services
22-09-2021,ITC,Largecap,FMCG
22-09-2021,APOLLOTYRE,Midcap,Auto
22-09-2021,BALKRISIND,Largecap,Auto
22-09-2021,CANFINHOME,Midcap,Finance
22-09-2021,HCLTECH,Largecap,I.T
22-09-2021,PVR,Midcap,Media
22-09-2021,GMRINFRA,Largecap,Realty
22-09-2021,MINDTREE,Largecap,I.T
22-09-2021,DLF,Largecap,Realty
22-09-2021,GODREJPROP,Largecap,Realty
23-09-2021,LICHSGFIN,Largecap,Finance
23-09-2021,PEL,Largecap,Pharmaceuticals
23-09-2021,RELIANCE,Largecap,Industrials
23-09-2021,TATAPOWER,Largecap,Miscellaneous
23-09-2021,ABBOTINDIA,Largecap,Pharmaceuticals
23-09-2021,BOSCHLTD,Largecap,Auto
23-09-2021,TATAMOTORS,Largecap,Auto
23-09-2021,INDHOTEL,Largecap,Services
23-09-2021,APOLLOTYRE,Midcap,Auto
23-09-2021,CANFINHOME,Midcap,Finance
23-09-2021,DIXON,Largecap,FMCG
23-09-2021,MPHASIS,Largecap,I.T
23-09-2021,MCDOWELL-N,Largecap,FMCG
23-09-2021,UBL,Largecap,FMCG
23-09-2021,SUNTV,Largecap,Media
23-09-2021,DLF,Largecap,Realty
23-09-2021,BAJAJFINSV,Largecap,Finance
23-09-2021,GODREJPROP,Largecap,Realty
23-09-2021,OBEROIRLTY,Largecap,Realty
23-09-2021,COALINDIA,Largecap,Industrials
23-09-2021,INDUSTOWER,Largecap,Telecom
23-09-2021,LTI,Largecap,I.T
23-09-2021,LTTS,Largecap,I.T
24-09-2021,INFY,Largecap,I.T
24-09-2021,GRASIM,Largecap,Textiles
24-09-2021,M&M,Largecap,Auto
24-09-2021,TATACHEM,Largecap,Industrials
24-09-2021,EICHERMOT,Largecap,Auto
24-09-2021,NIFTY,Smallcap,Indices
24-09-2021,HCLTECH,Largecap,I.T
24-09-2021,DELTACORP,Midcap,Media
24-09-2021,OBEROIRLTY,Largecap,Realty
24-09-2021,INDUSTOWER,Largecap,Telecom
24-09-2021,ALKEM,Largecap,Pharmaceuticals
24-09-2021,LTI,Largecap,I.T
24-09-2021,LTTS,Largecap,I.T
27-09-2021,HDFCBANK,Largecap,Bank
27-09-2021,M&M,Largecap,Auto
27-09-2021,TATACHEM,Largecap,Industrials
27-09-2021,INDIACEM,Midcap,Industrials
27-09-2021,DELTACORP,Midcap,Media
27-09-2021,DLF,Largecap,Realty
27-09-2021,BAJAJ-AUTO,Largecap,Auto
27-09-2021,MCX,Midcap,Miscellaneous
28-09-2021,BHEL,Largecap,FMCG
28-09-2021,HINDPETRO,Largecap,Industrials
28-09-2021,KOTAKBANK,Largecap,Bank
28-09-2021,ONGC,Largecap,Oils
28-09-2021,RELIANCE,Largecap,Industrials
28-09-2021,IOC,Largecap,Industrials
28-09-2021,IRCTC,Midcap,Miscellaneous
28-09-2021,NTPC,Largecap,Miscellaneous
28-09-2021,DELTACORP,Midcap,Media
28-09-2021,COALINDIA,Largecap,Industrials
29-09-2021,CIPLA,Largecap,Pharmaceuticals
29-09-2021,BHEL,Largecap,FMCG
29-09-2021,HINDPETRO,Largecap,Industrials
29-09-2021,ONGC,Largecap,Oils
29-09-2021,TATAPOWER,Largecap,Miscellaneous
29-09-2021,SUNPHARMA,Largecap,Pharmaceuticals
29-09-2021,IOC,Largecap,Industrials
29-09-2021,CANBK,Largecap,Bank
29-09-2021,NTPC,Largecap,Miscellaneous
29-09-2021,POWERGRID,Largecap,Miscellaneous
29-09-2021,RECLTD,Largecap,Finance
29-09-2021,COALINDIA,Largecap,Industrials
30-09-2021,BHEL,Largecap,FMCG
30-09-2021,FEDERALBNK,Largecap,Bank
30-09-2021,TATAMOTORS,Largecap,Auto
30-09-2021,DIXON,Largecap,FMCG
30-09-2021,INDIACEM,Midcap,Industrials
30-09-2021,JINDALSTEL,Largecap,Metals
30-09-2021,MCDOWELL-N,Largecap,FMCG
30-09-2021,CANBK,Largecap,Bank
30-09-2021,ASTRAL,Largecap,FMCG
30-09-2021,ABFRL,Largecap,FMCG
01-10-2021,BHEL,Largecap,FMCG
01-10-2021,TRENT,Largecap,FMCG
01-10-2021,TATAPOWER,Largecap,Miscellaneous
01-10-2021,DIXON,Largecap,FMCG
01-10-2021,JINDALSTEL,Largecap,Metals
01-10-2021,DELTACORP,Midcap,Media
04-10-2021,ATUL,Largecap,Industrials
04-10-2021,BATAINDIA,Largecap,FMCG
04-10-2021,SAIL,Largecap,Metals
04-10-2021,DRREDDY,Largecap,Pharmaceuticals
04-10-2021,RELIANCE,Largecap,Industrials
04-10-2021,TATAPOWER,Largecap,Miscellaneous
04-10-2021,HINDALCO,Largecap,Metals
04-10-2021,ABBOTINDIA,Largecap,Pharmaceuticals
04-10-2021,M&M,Largecap,Auto
04-10-2021,TATAMOTORS,Largecap,Auto
04-10-2021,AARTIIND,Largecap,Industrials
04-10-2021,AUBANK,Largecap,Bank
04-10-2021,SUNPHARMA,Largecap,Pharmaceuticals
04-10-2021,MANAPPURAM,Midcap,Finance
04-10-2021,BANKBARODA,Largecap,Bank
04-10-2021,NATIONALUM,Midcap,Metals
04-10-2021,JINDALSTEL,Largecap,Metals
04-10-2021,CANBK,Largecap,Bank
04-10-2021,PVR,Midcap,Media
04-10-2021,M&MFIN,Largecap,Finance
04-10-2021,SUNTV,Largecap,Media
04-10-2021,ASTRAL,Largecap,FMCG
04-10-2021,COALINDIA,Largecap,Industrials
04-10-2021,IBULHSGFIN,Midcap,Finance
05-10-2021,HINDPETRO,Largecap,Industrials
05-10-2021,LICHSGFIN,Largecap,Finance
05-10-2021,PEL,Largecap,Pharmaceuticals
05-10-2021,RELIANCE,Largecap,Industrials
05-10-2021,TATAPOWER,Largecap,Miscellaneous
05-10-2021,SIEMENS,Largecap,FMCG
05-10-2021,TATAMOTORS,Largecap,Auto
05-10-2021,INDHOTEL,Largecap,Services
05-10-2021,DEEPAKNTR,Largecap,Industrials
05-10-2021,AARTIIND,Largecap,Industrials
05-10-2021,AUBANK,Largecap,Bank
05-10-2021,SBILIFE,Largecap,Services
05-10-2021,MANAPPURAM,Midcap,Finance
05-10-2021,IRCTC,Midcap,Miscellaneous
05-10-2021,SBICARD,Largecap,Finance
05-10-2021,INDUSINDBK,Largecap,Bank
05-10-2021,JINDALSTEL,Largecap,Metals
05-10-2021,SUNTV,Largecap,Media
05-10-2021,PAGEIND,Largecap,FMCG
06-10-2021,ONGC,Largecap,Oils
06-10-2021,COROMANDEL,Largecap,Industrials
06-10-2021,DEEPAKNTR,Largecap,Industrials
06-10-2021,IRCTC,Midcap,Miscellaneous
07-10-2021,LAURUSLABS,Largecap,Pharmaceuticals
07-10-2021,BOSCHLTD,Largecap,Auto
07-10-2021,IRCTC,Midcap,Miscellaneous
07-10-2021,PAGEIND,Largecap,FMCG
07-10-2021,MCX,Midcap,Miscellaneous
08-10-2021,ATUL,Largecap,Industrials
08-10-2021,BATAINDIA,Largecap,FMCG
08-10-2021,CHAMBLFERT,Midcap,Industrials
08-10-2021,MRF,Largecap,Auto
08-10-2021,BOSCHLTD,Largecap,Auto
08-10-2021,APOLLOTYRE,Midcap,Auto
08-10-2021,SRF,Midcap,Industrials
08-10-2021,DIXON,Largecap,FMCG
08-10-2021,IEX,Largecap,Miscellaneous
08-10-2021,IRCTC,Midcap,Miscellaneous
08-10-2021,BANKBARODA,Largecap,Bank
08-10-2021,BSOFT,Midcap,I.T
08-10-2021,OFSS,Largecap,I.T
08-10-2021,PVR,Midcap,Media
08-10-2021,FSL,Midcap,I.T
08-10-2021,PERSISTENT,Largecap,I.T
08-10-2021,MCX,Midcap,Miscellaneous
11-10-2021,ATUL,Largecap,Industrials
11-10-2021,BHARATFORG,Largecap,Industrials
11-10-2021,APOLLOTYRE,Midcap,Auto
11-10-2021,DIXON,Largecap,FMCG
11-10-2021,IEX,Largecap,Miscellaneous
11-10-2021,MARICO,Largecap,FMCG
11-10-2021,UBL,Largecap,FMCG
11-10-2021,MCX,Midcap,Miscellaneous
12-10-2021,BHEL,Largecap,FMCG
12-10-2021,SBIN,Largecap,Bank
12-10-2021,WHIRLPOOL,Largecap,FMCG
12-10-2021,VEDL,Largecap,Industrials
12-10-2021,TATAPOWER,Largecap,Miscellaneous
12-10-2021,BPCL,Largecap,Industrials
12-10-2021,INDHOTEL,Largecap,Services
12-10-2021,BANKNIFTY,Smallcap,Indices
12-10-2021,MARICO,Largecap,FMCG
12-10-2021,UBL,Largecap,FMCG
12-10-2021,BAJAJ-AUTO,Largecap,Auto
12-10-2021,ABFRL,Largecap,FMCG
13-10-2021,BHEL,Largecap,FMCG
13-10-2021,TITAN,Largecap,Miscellaneous
13-10-2021,TRENT,Largecap,FMCG
13-10-2021,VEDL,Largecap,Industrials
13-10-2021,RELIANCE,Largecap,Industrials
13-10-2021,TATAPOWER,Largecap,Miscellaneous
13-10-2021,HINDALCO,Largecap,Metals
13-10-2021,FEDERALBNK,Largecap,Bank
13-10-2021,TATASTEEL,Largecap,Metals
13-10-2021,ASHOKLEY,Largecap,Auto
13-10-2021,M&M,Largecap,Auto
13-10-2021,BPCL,Largecap,Industrials
13-10-2021,INDHOTEL,Largecap,Services
13-10-2021,ITC,Largecap,FMCG
13-10-2021,WIPRO,Largecap,I.T
13-10-2021,ADANIENT,Largecap,Services
13-10-2021,MOTHERSUMI,Largecap,Auto
13-10-2021,NIFTY,Smallcap,Indices
13-10-2021,BANKNIFTY,Smallcap,Indices
13-10-2021,IRCTC,Midcap,Miscellaneous
13-10-2021,NATIONALUM,Midcap,Metals
13-10-2021,JINDALSTEL,Largecap,Metals
13-10-2021,PNB,Largecap,Bank
13-10-2021,ASTRAL,Largecap,FMCG
13-10-2021,JUBLFOOD,Largecap,Quick Service Restaurant
13-10-2021,MUTHOOTFIN,Largecap,Finance
14-10-2021,SAIL,Largecap,Metals
14-10-2021,HDFCBANK,Largecap,Bank
14-10-2021,JSWSTEEL,Largecap,Metals
14-10-2021,VEDL,Largecap,Industrials
14-10-2021,GRASIM,Largecap,Textiles
14-10-2021,ACC,Largecap,Industrials
14-10-2021,HINDALCO,Largecap,Metals
14-10-2021,LT,Largecap,Realty
14-10-2021,VOLTAS,Largecap,FMCG
14-10-2021,ITC,Largecap,FMCG
14-10-2021,WIPRO,Largecap,I.T
14-10-2021,BERGEPAINT,Largecap,Industrials
14-10-2021,SRTRANSFIN,Largecap,Finance
14-10-2021,ADANIENT,Largecap,Services
14-10-2021,NIFTY,Smallcap,Indices
14-10-2021,INDIACEM,Midcap,Industrials
14-10-2021,IRCTC,Midcap,Miscellaneous
14-10-2021,NATIONALUM,Midcap,Metals
14-10-2021,JINDALSTEL,Largecap,Metals
14-10-2021,NTPC,Largecap,Miscellaneous
14-10-2021,NAUKRI,Largecap,I.T
14-10-2021,FSL,Midcap,I.T
14-10-2021,POWERGRID,Largecap,Miscellaneous
14-10-2021,ADANIPORTS,Largecap,Realty
14-10-2021,GODREJPROP,Largecap,Realty
14-10-2021,PERSISTENT,Largecap,I.T
18-10-2021,BEL,Largecap,FMCG
18-10-2021,SBIN,Largecap,Bank
18-10-2021,SAIL,Largecap,Metals
18-10-2021,JSWSTEEL,Largecap,Metals
18-10-2021,RAMCOCEM,Largecap,Industrials
18-10-2021,VEDL,Largecap,Industrials
18-10-2021,HINDALCO,Largecap,Metals
18-10-2021,TATASTEEL,Largecap,Metals
18-10-2021,VOLTAS,Largecap,FMCG
18-10-2021,ITC,Largecap,FMCG
18-10-2021,NIFTY,Smallcap,Indices
18-10-2021,BANKNIFTY,Smallcap,Indices
18-10-2021,NMDC,Largecap,Industrials
18-10-2021,HAL,Largecap,FMCG
18-10-2021,IOC,Largecap,Industrials
18-10-2021,IRCTC,Midcap,Miscellaneous
18-10-2021,BANKBARODA,Largecap,Bank
18-10-2021,ICICIBANK,Largecap,Bank
18-10-2021,INDUSINDBK,Largecap,Bank
18-10-2021,AXISBANK,Largecap,Bank
18-10-2021,NATIONALUM,Midcap,Metals
18-10-2021,PNB,Largecap,Bank
18-10-2021,CANBK,Largecap,Bank
18-10-2021,BAJAJFINSV,Largecap,Finance
19-10-2021,INFY,Largecap,I.T
19-10-2021,TECHM,Largecap,I.T
19-10-2021,IBULHSGFIN,Midcap,Finance
21-10-2021,FEDERALBNK,Largecap,Bank
21-10-2021,SRTRANSFIN,Largecap,Finance
22-10-2021,HDFC,Largecap,Finance
22-10-2021,KOTAKBANK,Largecap,Bank
22-10-2021,FEDERALBNK,Largecap,Bank
22-10-2021,SRTRANSFIN,Largecap,Finance
22-10-2021,BANKNIFTY,Smallcap,Indices
25-10-2021,BANKNIFTY,Smallcap,Indices
25-10-2021,ICICIBANK,Largecap,Bank
25-10-2021,AXISBANK,Largecap,Bank
25-10-2021,SUNTV,Largecap,Media
26-10-2021,KOTAKBANK,Largecap,Bank
27-10-2021,SBIN,Largecap,Bank
28-10-2021,ACC,Largecap,Industrials
28-10-2021,ULTRACEMCO,Largecap,Industrials
29-10-2021,ACC,Largecap,Industrials
29-10-2021,AMBUJACEM,Largecap,Industrials
29-10-2021,TVSMOTOR,Largecap,Auto
29-10-2021,ULTRACEMCO,Largecap,Industrials
01-11-2021,SAIL,Largecap,Metals
01-11-2021,RAMCOCEM,Largecap,Industrials
01-11-2021,GRASIM,Largecap,Textiles
01-11-2021,SHREECEM,Largecap,Industrials
01-11-2021,ACC,Largecap,Industrials
01-11-2021,AMBUJACEM,Largecap,Industrials
01-11-2021,MCDOWELL-N,Largecap,FMCG
01-11-2021,ULTRACEMCO,Largecap,Industrials
01-11-2021,JKCEMENT,Largecap,Industrials
01-11-2021,SUNTV,Largecap,Media
01-11-2021,CROMPTON,Largecap,FMCG
02-11-2021,SIEMENS,Largecap,FMCG
02-11-2021,TATACONSUM,Largecap,FMCG
02-11-2021,TVSMOTOR,Largecap,Auto
02-11-2021,MARUTI,Largecap,Auto
02-11-2021,JKCEMENT,Largecap,Industrials
02-11-2021,ABFRL,Largecap,FMCG
03-11-2021,SBIN,Largecap,Bank
03-11-2021,ACC,Largecap,Industrials
03-11-2021,LT,Largecap,Realty
03-11-2021,SIEMENS,Largecap,FMCG
03-11-2021,INDIACEM,Midcap,Industrials
03-11-2021,JKCEMENT,Largecap,Industrials
03-11-2021,OBEROIRLTY,Largecap,Realty
03-11-2021,LTTS,Largecap,I.T
04-11-2021,DABUR,Largecap,FMCG
04-11-2021,RAMCOCEM,Largecap,Industrials
04-11-2021,PEL,Largecap,Pharmaceuticals
04-11-2021,ACC,Largecap,Industrials
04-11-2021,SUNTV,Largecap,Media
04-11-2021,LTTS,Largecap,I.T